Categoria,Nombre,Bodega 9,Bodega SJ,Medida,Marca,Modelo
NEUMATICOS,NEUMATICO 145/70R12 ROADX TAXI 69T,B307,,145/70R12,ROADX,TAXI 69T
NEUMATICOS,NEUMATICO 145/70R13 LING LONG R701 74N,A211,E408,145/70R13,LING,LONG R701 74N
NEUMATICOS,NEUMATICO 145R13C NEXEN CP321,ALNEXEN,E409-10,145R13C,NEXEN,CP321
NEUMATICOS,NEUMATICO 145R13C ROADMARCH PRIMEVAN 28 88/86Q,G204,E406,145R13C,ROADMARCH,PRIMEVAN 28 88/86Q
NEUMATICOS,NEUMATICO 155/60R14 ROADMARCH PRIMESTAR 66,,D506,155/60R14,ROADMARCH,PRIMESTAR 66
NEUMATICOS,NEUMATICO 155/65R13 GOODRIDE RP28 73T,B306,D409,155/65R13,GOODRIDE,RP28 73T
NEUMATICOS,NEUMATICO 155/65R13 MIRAGE MR166 73T,A207,F303,155/65R13,MIRAGE,MR166 73T
NEUMATICOS,NEUMATICO 155/65R13 ROADWING RW 581,A207,F303,155/65R13,ROADWING,RW 581
NEUMATICOS,NEUMATICO 155/65R14 KETER KT277 75H,C310,,155/65R14,KETER,KT277 75H
NEUMATICOS,NEUMATICO 155/65R14 ROADMARCH ECOPRO 99,,D405,155/65R14,ROADMARCH,ECOPRO 99
NEUMATICOS,NEUMATICO 155/65R14 ROADX H11,C415,,155/65R14,ROADX,H11
NEUMATICOS,NEUMATICO 155/70R13 GOODRIDE RP28 75T,B409,,155/70R13,GOODRIDE,RP28 75T
NEUMATICOS,NEUMATICO 155/70R13 ROADWING RW581 75T,H507,B508,155/70R13,ROADWING,RW581 75T
NEUMATICOS,NEUMATICO 155/70R13 ROADX H11 75T,B409,D204,155/70R13,ROADX,H11 75T
NEUMATICOS,NEUMATICO 155/70R13 ZEXTUR ES655,H109,,155/70R13,ZEXTUR,ES655
NEUMATICOS,NEUMATICO 155/70R14 TRACMAX TX5 77T,C405,D204,155/70R14,TRACMAX,TX5 77T
NEUMATICOS,NEUMATICO 155R12C ROADMARCH PRIMEVAN 28,,E312,155R12C,ROADMARCH,PRIMEVAN 28
NEUMATICOS,NEUMATICO 155R12C SONIX SUPERVAN S1 86S,G405,E312,155R12C,SONIX,SUPERVAN S1 86S
NEUMATICOS,NEUMATICO 155R12LT MIRAGE MR300 86Q,G405,,155R12LT,MIRAGE,MR300 86Q
NEUMATICOS,NEUMATICO 155R13C LONGWAY ZT901,G302,,155R13C,LONGWAY,ZT901
NEUMATICOS,NEUMATICO 155R13C WINDFORCE MILE MAX 83Q,G302,C404,155R13C,WINDFORCE,MILE MAX 83Q
NEUMATICOS,NEUMATICO 165/50R15 SUMAXX MAX DRIFTING Z1,B409,,165/50R15,SUMAXX,MAX DRIFTING Z1
NEUMATICOS,NEUMATICO 165/55R14 SONIX XCOMFORT 57 72H,B411,D503,165/55R14,SONIX,XCOMFORT 57 72H
NEUMATICOS,NEUMATICO 165/55R14 SUMAXX MAX DRIFTING Z1,,,165/55R14,SUMAXX,MAX DRIFTING Z1
NEUMATICOS,NEUMATICO 165/55R15 SONIX PRIMESTAR 66 75V,B410,,165/55R15,SONIX,PRIMESTAR 66 75V
NEUMATICOS,NEUMATICO 165/60R14 FALKEN SN832,,A507,165/60R14,FALKEN,SN832
NEUMATICOS,NEUMATICO 165/60R14 GOODRIDE RP28 75H,A201,C505,165/60R14,GOODRIDE,RP28 75H
NEUMATICOS,NEUMATICO 165/60R14 MIRAGE MR166 75H,A106,E301,165/60R14,MIRAGE,MR166 75H
NEUMATICOS,NEUMATICO 165/60R14 NEXEN NPRIZ GX 79H,C408,,165/60R14,NEXEN,NPRIZ GX 79H
NEUMATICOS,NEUMATICO 165/65R13 ROADX H11 77T,C416,C201,165/65R13,ROADX,H11 77T
NEUMATICOS,NEUMATICO 165/65R13 SONIX ECOPRO 99 77T,G205,D401,165/65R13,SONIX,ECOPRO 99 77T
NEUMATICOS,NEUMATICO 165/65R14 GOODRIDE RP28,B306,B410,165/65R14,GOODRIDE,RP28
NEUMATICOS,NEUMATICO 165/65R14 NEXE3N NPRIZ GX,H508,,165/65R14,NEXE3N,NPRIZ GX
NEUMATICOS,NEUMATICO 165/65R14 ROADWING RW581 79T,A109,E302,165/65R14,ROADWING,RW581 79T
NEUMATICOS,NEUMATICO 165/65R14 ROADX H11 79T,B212,D506,165/65R14,ROADX,H11 79T
NEUMATICOS,NEUMATICO 165/65R15 INTERTRAC 81H,B416,,165/65R15,INTERTRAC,81H
NEUMATICOS,NEUMATICO 165/70R12 LING LONG LETRA BLANCA 77T,B406,,165/70R12,LING,LONG LETRA BLANCA 77T
NEUMATICOS,NEUMATICO 165/70R13 GOODRIDE RP28 79T,B413,,165/70R13,GOODRIDE,RP28 79T
NEUMATICOS,NEUMATICO 165/70R13 MILEKING MK667,G110,,165/70R13,MILEKING,MK667
NEUMATICOS,NEUMATICO 165/70R13 ROADWING RN582,,E405,165/70R13,ROADWING,RN582
NEUMATICOS,NEUMATICO 165/70R13 SONIX XCOMFORT S7 79T,G204,,165/70R13,SONIX,XCOMFORT S7 79T
NEUMATICOS,NEUMATICO 165/70R13C ROADMARCH PRIMEVAN 28 88/86R,B209,,165/70R13C,ROADMARCH,PRIMEVAN 28 88/86R
NEUMATICOS,NEUMATICO 165/70R14 DUNLOP SPR1,,,165/70R14,DUNLOP,SPR1
NEUMATICOS,NEUMATICO 165/70R14 GOODRIDE RP 28 81T,A108,C406,165/70R14,GOODRIDE,RP 28 81T
NEUMATICOS,NEUMATICO 165/70R14 MIRAGE MR166 81T,A108,,165/70R14,MIRAGE,MR166 81T
NEUMATICOS,NEUMATICO 165/70R14 NEXEN NPRIZ GX 81T,G303,,165/70R14,NEXEN,NPRIZ GX 81T
NEUMATICOS,NEUMATICO 165/70R14 ROADWING RW 581,,,165/70R14,ROADWING,RW 581
NEUMATICOS,NEUMATICO 165/70R14 SONIX ECOPRO 99 85T,A108,E309,165/70R14,SONIX,ECOPRO 99 85T
NEUMATICOS,NEUMATICO 165/80R14 ROADX H11 85T,H202,A303,165/80R14,ROADX,H11 85T
NEUMATICOS,NEUMATICO 165R13C LONGWAY ZT101 94/93N,C216,,165R13C,LONGWAY,ZT101 94/93N
NEUMATICOS,NEUMATICO 165R14C Ling Long R701,,C402,165R14C,Ling,Long R701
NEUMATICOS,NEUMATICO 165R14C ROADX,,,165R14C,ROADX,
NEUMATICOS,NEUMATICO 175/50R15 ROADX H03 75H,C414,,175/50R15,ROADX,H03 75H
NEUMATICOS,NEUMATICO 175/50R16 ROADMARCH ECOPRO 99,,B310,175/50R16,ROADMARCH,ECOPRO 99
NEUMATICOS,NEUMATICO 175/55R15 ROADX H12,,,175/55R15,ROADX,H12
NEUMATICOS,NEUMATICO 175/60R13 MIRAGE MR166 77H,B415,,175/60R13,MIRAGE,MR166 77H
NEUMATICOS,NEUMATICO 175/60R14 MIRAGE MR166 79H,C307,,175/60R14,MIRAGE,MR166 79H
NEUMATICOS,NEUMATICO 175/60R15 APTANY RP203 81H,B405,C307,175/60R15,APTANY,RP203 81H
NEUMATICOS,NEUMATICO 175/65R13 LING LONG GREEN MAX ECO TOURING 80T,C411,,175/65R13,LING,LONG GREEN MAX ECO TOURING 80T
NEUMATICOS,NEUMATICO 175/65R14 GOODRIDE G118 82H,E201,C509,175/65R14,GOODRIDE,G118 82H
NEUMATICOS,NEUMATICO 175/65R14 HANKOOK H724,P14,,175/65R14,HANKOOK,H724
NEUMATICOS,NEUMATICO 175/65R14 MIRAGE MR166,,E310,175/65R14,MIRAGE,MR166
NEUMATICOS,NEUMATICO 175/65R14 NEXEN NPRIZ GX 82H,H407,E303,175/65R14,NEXEN,NPRIZ GX 82H
NEUMATICOS,NEUMATICO 175/65R14 OHTSU FP1000,,,175/65R14,OHTSU,FP1000
NEUMATICOS,NEUMATICO 175/65R14 SONIX ECOPRO 99 86T XL,G105,E304,175/65R14,SONIX,ECOPRO 99 86T XL
NEUMATICOS,NEUMATICO 175/65R14C APTANY RL108 90/88T,C311,,175/65R14C,APTANY,RL108 90/88T
NEUMATICOS,NEUMATICO 175/65R15 KUSTONE P07,,D510,175/65R15,KUSTONE,P07
NEUMATICOS,NEUMATICO 175/65R15 ROADX H12 88H,C413,,175/65R15,ROADX,H12 88H
NEUMATICOS,NEUMATICO 175/70R13 GOODRIDE RP28 82T,B407,,175/70R13,GOODRIDE,RP28 82T
NEUMATICOS,NEUMATICO 175/70R13 MIRAGE MR166,,,175/70R13,MIRAGE,MR166
NEUMATICOS,NEUMATICO 175/70R13 NEXEN NPRIZ GX 82T,H404,,175/70R13,NEXEN,NPRIZ GX 82T
NEUMATICOS,NEUMATICO 175/70R13 ROADX H11 82T,A112,E404,175/70R13,ROADX,H11 82T
NEUMATICOS,NEUMATICO 175/70R14 GITI SAIL,P14,,175/70R14,GITI,SAIL
NEUMATICOS,NEUMATICO 175/70R14 GOODRIDE SL369 AT 84T,E301,D504,175/70R14,GOODRIDE,SL369 AT 84T
NEUMATICOS,NEUMATICO 175/70R14 NEXEN NPRIZ AH5 84T,B210,C410,175/70R14,NEXEN,NPRIZ AH5 84T
NEUMATICOS,NEUMATICO 175/70R14 NEXEN NPRIZ GX,,C410,175/70R14,NEXEN,NPRIZ GX
NEUMATICOS,NEUMATICO 175/70R14 ROADCRUZA RA630 84T,B414,E302,175/70R14,ROADCRUZA,RA630 84T
NEUMATICOS,NEUMATICO 175/70R14 ROADWING RW581,A105,,175/70R14,ROADWING,RW581
NEUMATICOS,NEUMATICO 175/70R14 SONIX ECOPRO 99,A111,E207,175/70R14,SONIX,ECOPRO 99
NEUMATICOS,NEUMATICO 175/70R14C ALFAMOTORS DK558,B412,C405,175/70R14C,ALFAMOTORS,DK558
NEUMATICOS,NEUMATICO 175/70R14C MILEKING MK517 95/93S,B412,,175/70R14C,MILEKING,MK517 95/93S
NEUMATICOS,NEUMATICO 175/70R14C MIRAGE MR200,,,175/70R14C,MIRAGE,MR200
NEUMATICOS,NEUMATICO 175/80R14 GOODRIDE SL369 AT 88T,H302,,175/80R14,GOODRIDE,SL369 AT 88T
NEUMATICOS,NEUMATICO 175/80R14 SUMAXX AT 92T,C305,,175/80R14,SUMAXX,AT 92T
NEUMATICOS,NEUMATICO 175R14C WINDFORCE MILE MAX,G502,,175R14C,WINDFORCE,MILE MAX
NEUMATICOS,NEUMATICO 185/45R15 ROADX U11 75Y,H506,D405,185/45R15,ROADX,U11 75Y
NEUMATICOS,NEUMATICO 185/45R15 WINDFORCE 75Y,,,185/45R15,WINDFORCE,75Y
NEUMATICOS,NEUMATICO 185/50R16 ROADMARCH PRIMESTAR 66,,B309,185/50R16,ROADMARCH,PRIMESTAR 66
NEUMATICOS,NEUMATICO 185/55R14 APTANY RP203,C307,,185/55R14,APTANY,RP203
NEUMATICOS,NEUMATICO 185/55R14 ROADMARCH ECOPRO 99 80H,H306,E403,185/55R14,ROADMARCH,ECOPRO 99 80H
NEUMATICOS,NEUMATICO 185/55R15 GOODRIDE RP28 82V,C205,D405,185/55R15,GOODRIDE,RP28 82V
NEUMATICOS,NEUMATICO 185/55R15 ROADMARCH ECOPRO 99,E201,E210,185/55R15,ROADMARCH,ECOPRO 99
NEUMATICOS,NEUMATICO 185/55R15 ROADX H12,B411,,185/55R15,ROADX,H12
NEUMATICOS,NEUMATICO 185/55R16 DUNLOP SPR1,,C302,185/55R16,DUNLOP,SPR1
NEUMATICOS,NEUMATICO 185/55R16 GOODRIDE RP28 83V,C409,,185/55R16,GOODRIDE,RP28 83V
NEUMATICOS,NEUMATICO 185/55R16 NEXEN NFERA SU1,,C402,185/55R16,NEXEN,NFERA SU1
NEUMATICOS,NEUMATICO 185/55R16 ROADMARCH ECOPRO 99,G503,C208,185/55R16,ROADMARCH,ECOPRO 99
NEUMATICOS,NEUMATICO 185/55R16 ROADX H12 83V,A105,C403,185/55R16,ROADX,H12 83V
NEUMATICOS,NEUMATICO 185/60R13 GREENLANDER COLO H01 80H,B315,,185/60R13,GREENLANDER,COLO H01 80H
NEUMATICOS,NEUMATICO 185/60R14 APTANY RP203 82H,A110,D402,185/60R14,APTANY,RP203 82H
NEUMATICOS,NEUMATICO 185/60R14 GOODRIDE RP28 82H,A110,B509,185/60R14,GOODRIDE,RP28 82H
NEUMATICOS,NEUMATICO 185/60R14 NEXEN PRIZ AH5,,D408,185/60R14,NEXEN,PRIZ AH5
NEUMATICOS,NEUMATICO 185/60R15 APTANY RP203 84H,A104,E204,185/60R15,APTANY,RP203 84H
NEUMATICOS,NEUMATICO 185/60R15 DUNLOP SPT1,A104,C308,185/60R15,DUNLOP,SPT1
NEUMATICOS,NEUMATICO 185/60R15 MINNEL RADIAL P07,A104,D306,185/60R15,MINNEL,RADIAL P07
NEUMATICOS,NEUMATICO 185/60R15 NEXEN CP672,C208,C408,185/60R15,NEXEN,CP672
NEUMATICOS,NEUMATICO 185/60R15 NEXEN NPRIZ AH8,,C509,185/60R15,NEXEN,NPRIZ AH8
NEUMATICOS,NEUMATICO 185/60R15 NEXEN NPRIZ GX,,C408,185/60R15,NEXEN,NPRIZ GX
NEUMATICOS,NEUMATICO 185/65R14 GOODYEAR ASSURANCE MAX LIFE,P14,,185/65R14,GOODYEAR,ASSURANCE MAX LIFE
NEUMATICOS,NEUMATICO 185/65R14 GREENLANDER COLO H02,,E304,185/65R14,GREENLANDER,COLO H02
NEUMATICOS,NEUMATICO 185/65R14 NEXEN NPRIZ GX 86H,H406,E202,185/65R14,NEXEN,NPRIZ GX 86H
NEUMATICOS,NEUMATICO 185/65R14 ROADMARCH PRIME AS 86H,E305,,185/65R14,ROADMARCH,PRIME AS 86H
NEUMATICOS,NEUMATICO 185/65R14 RODX H11 86H,G403,D410,185/65R14,RODX,H11 86H
NEUMATICOS,NEUMATICO 185/65R14 SONIX ECOPRO 99 86H,A204,E201,185/65R14,SONIX,ECOPRO 99 86H
NEUMATICOS,NEUMATICO 185/65R14 WINDFORCE HP 86H,A206,,185/65R14,WINDFORCE,HP 86H
NEUMATICOS,NEUMATICO 185/65R15 APOLLO ALNAC 4G,,,185/65R15,APOLLO,ALNAC 4G
NEUMATICOS,NEUMATICO 185/65R15 DUNLOP SPR1,,A408,185/65R15,DUNLOP,SPR1
NEUMATICOS,NEUMATICO 185/65R15 GOODRIDE RP28,B302,D310,185/65R15,GOODRIDE,RP28
NEUMATICOS,NEUMATICO 185/65R15 NEXEN NBLUE HD 88T,C303,,185/65R15,NEXEN,NBLUE HD 88T
NEUMATICOS,NEUMATICO 185/65R15 NEXEN NBLUE HD PLUS,C303,,185/65R15,NEXEN,NBLUE HD PLUS
NEUMATICOS,NEUMATICO 185/65R15 NEXEN NPRIZ GX,C407,F301,185/65R15,NEXEN,NPRIZ GX
NEUMATICOS,NEUMATICO 185/65R15 ROADX H12,,C309,185/65R15,ROADX,H12
NEUMATICOS,NEUMATICO 185/65R15 SONIX ECOPRO 99 88H,G106,E208,185/65R15,SONIX,ECOPRO 99 88H
NEUMATICOS,NEUMATICO 185/65R15C DOUBLE KING DK768 94/91R,C210,,185/65R15C,DOUBLE,KING DK768 94/91R
NEUMATICOS,NEUMATICO 185/70R13 ROADMARCH PRIMESTAR 66,C410,,185/70R13,ROADMARCH,PRIMESTAR 66
NEUMATICOS,NEUMATICO 185/70R13 ROADX H11 86T,C410,,185/70R13,ROADX,H11 86T
NEUMATICOS,NEUMATICO 185/70R14 ROADX H11,ALNEXEN,C505,185/70R14,ROADX,H11
NEUMATICOS,NEUMATICO 185/70R14 ROTARMAX R-0NE,,,185/70R14,ROTARMAX,R-0NE
NEUMATICOS,NEUMATICO 185/70R14 WANLI SP 026,ALNEXEN,D402,185/70R14,WANLI,SP 026
NEUMATICOS,NEUMATICO 185R14C NEXEN ROADIAN CT8,,D407,185R14C,NEXEN,ROADIAN CT8
NEUMATICOS,NEUMATICO 185R14C ROADMARCH PRIMEVA 9 LINEA BLANCA,,D308,185R14C,ROADMARCH,PRIMEVA 9 LINEA BLANCA
NEUMATICOS,NEUMATICO 185R14C ROADMARCH PRIMEVAN 9,G101,,185R14C,ROADMARCH,PRIMEVAN 9
NEUMATICOS,NEUMATICO 185R15C ROADMARCH PRIMEVAN 9,,C205,185R15C,ROADMARCH,PRIMEVAN 9
NEUMATICOS,NEUMATICO 195/40R17 LINGLONG GREEN MAX,B314,,195/40R17,LINGLONG,GREEN MAX
NEUMATICOS,NEUMATICO 195/40R17 SONIX LZEAL 56,E312,B403,195/40R17,SONIX,LZEAL 56
NEUMATICOS,NEUMÁTICO 195/40ZR17 ROADX U11 81Y,C203,E210,195/40ZR17,ROADX,U11 81Y
NEUMATICOS,NEUMATICO 195/45R15 NEXEN NFERA SU1,H306,D204,195/45R15,NEXEN,NFERA SU1
NEUMATICOS,NEUMATICO 195/45R15 ROADMARCH L-ZEAL 56,A206,B507,195/45R15,ROADMARCH,L-ZEAL 56
NEUMATICOS,NEUMATICO 195/45R15 ROADX H12 78W,B206,A308,195/45R15,ROADX,H12 78W
NEUMATICOS,NEUMATICO 195/45R15 WANLI SP026,A206,,195/45R15,WANLI,SP026
NEUMATICOS,Neumático 195/45R16 Roadmarch Prime Uhp08 84V,C407,,195/45R16,Roadmarch,Prime Uhp08 84V
NEUMATICOS,NEUMÁTICO 195/45R16 ROADX H12,,C305,195/45R16,ROADX,H12
NEUMATICOS,NEUMATICO 195/45R17 SONIX UHP 08 8W,B313,B402,195/45R17,SONIX,UHP 08 8W
NEUMATICOS,NEUMATICO 195/50R15 NEXEN NPRIZ GX 82V,G305,D203,195/50R15,NEXEN,NPRIZ GX 82V
NEUMATICOS,NEUMATICO 195/50R15 ROADMARCH PRIME AS,,C206,195/50R15,ROADMARCH,PRIME AS
NEUMATICOS,NEUMATICO 195/50R15 ROADX H12 82V,B302,C201,195/50R15,ROADX,H12 82V
NEUMATICOS,NEUMATICO 195/50R15 SONIX ECOPRO 99 82V,A103,E209,195/50R15,SONIX,ECOPRO 99 82V
NEUMATICOS,NEUMATICO 195/50R15 SUMAXX MAX DRIFTING X 82V,B211,,195/50R15,SUMAXX,MAX DRIFTING X 82V
NEUMATICOS,NEUMATICO 195/50R15 SUMAXX MAX SPEED R1 DERECHO 82V,H108,B401,195/50R15,SUMAXX,MAX SPEED R1 DERECHO 82V
NEUMATICOS,NEUMATICO 195/50R15 SUMAXX MAX SPEED R1 IZQ 82V,H108,A401,195/50R15,SUMAXX,MAX SPEED R1 IZQ 82V
NEUMATICOS,NEUMATICO 195/50R15 SUMITOMO HTR 200,H503,,195/50R15,SUMITOMO,HTR 200
NEUMATICOS,NEUMATICO 195/50R15 WANLI SPORT RACING,G201,E206,195/50R15,WANLI,SPORT RACING
NEUMATICOS,NEUMATICO 195/50R16 GOODRIDE RP28,,B405,195/50R16,GOODRIDE,RP28
NEUMATICOS,NEUMÁTICO 195/50R16 PIRELLI CINTURATO P7,,A409,195/50R16,PIRELLI,CINTURATO P7
NEUMATICOS,NEUMÁTICO 195/50R16 ROADX H12 88V,C316,,195/50R16,ROADX,H12 88V
NEUMATICOS,NEUMATICO 195/50R16 WANLI SP06,C206,,195/50R16,WANLI,SP06
NEUMATICOS,NEUMATICO 195/55R10 WANDA 98/96P,C309,D209,195/55R10,WANDA,98/96P
NEUMATICOS,NEUMATICO 195/55R15 APOLLO ALNAC 4G 85H,E212,,195/55R15,APOLLO,ALNAC 4G 85H
NEUMATICOS,NEUMATICO 195/55R15 APTANY RP203 85V,A102,G102,195/55R15,APTANY,RP203 85V
NEUMATICOS,NEUMATICO 195/55R15 GOODRIDE RP 28 85V,G501,,195/55R15,GOODRIDE,RP 28 85V
NEUMATICOS,NEUMATICO 195/55R15 LENSTON EAGLE 600 85V,A102,,195/55R15,LENSTON,EAGLE 600 85V
NEUMATICOS,NEUMATICO 195/55R15 NEXEN NPRIZ GX 85V,E307,,195/55R15,NEXEN,NPRIZ GX 85V
NEUMATICOS,NEUMATICO 195/55R15 ROADX H12,B205,D406,195/55R15,ROADX,H12
NEUMATICOS,NEUMATICO 195/55R15 SONIX ECOPRO 99 85V,G206,D302,195/55R15,SONIX,ECOPRO 99 85V
NEUMATICOS,NEUMATICO 195/55R15 SUMAXX MAX DRIFTING X 85V,B314,C301,195/55R15,SUMAXX,MAX DRIFTING X 85V
NEUMATICOS,NEUMATICO 195/55R15 SUMAXX MAX DRIFTING Z1 85V,B311,B407,195/55R15,SUMAXX,MAX DRIFTING Z1 85V
NEUMATICOS,NEUMATICO 195/55R15 SUMAXX MAX SPEED R1 DERECHO 85V,A210,,195/55R15,SUMAXX,MAX SPEED R1 DERECHO 85V
NEUMATICOS,NEUMATICO 195/55R15 SUMAXX R1 IZQUIERDO 85V,A210,,195/55R15,SUMAXX,R1 IZQUIERDO 85V
NEUMATICOS,NEUMATICO 195/55R15 WANLI SPORT RACING 85V,G503,E204,195/55R15,WANLI,SPORT RACING 85V
NEUMATICOS,Neumatico 195/55R16 Bridgestone Er300 Runflat,,D502,195/55R16,Bridgestone,Er300 Runflat
NEUMATICOS,NEUMATICO 195/55R16 DUNLOP LM704,,B305,195/55R16,DUNLOP,LM704
NEUMATICOS,NEUMATICO 195/55R16 DUNLOP LM705,,B307,195/55R16,DUNLOP,LM705
NEUMATICOS,NEUMATICO 195/55R16 FALKEN ZE310R 91V,C302,,195/55R16,FALKEN,ZE310R 91V
NEUMATICOS,NEUMÁTICO 195/55R16 GOODYEAR EAGLE SPORT 2,,A405,195/55R16,GOODYEAR,EAGLE SPORT 2
NEUMATICOS,NEUMATICO 195/55R16 MIRAGE MR166,B203,,195/55R16,MIRAGE,MR166
NEUMATICOS,Neumático 195/55R16 Nexen Npriz Gx 91V,C212,C403,195/55R16,Nexen,Npriz Gx 91V
NEUMATICOS,NEUMATICO 195/55R16 ROADWING RW 581 91V XL,A202,FRONTIS,195/55R16,ROADWING,RW 581 91V XL
NEUMATICOS,NEUMÁTICO 195/55R16 ROADX H12 91W XL,B203,G101,195/55R16,ROADX,H12 91W XL
NEUMATICOS,NEUMATICO 195/55R16 SONIX ECOPRO 99 91V XL,A205,E203,195/55R16,SONIX,ECOPRO 99 91V XL
NEUMATICOS,NEUMATICO 195/60R14 ROADX H11 86H,B312,,195/60R14,ROADX,H11 86H
NEUMATICOS,NEUMATICO 195/60R15 COMFORSER CF510,,A202,195/60R15,COMFORSER,CF510
NEUMATICOS,NEUMATICO 195/60R15 DUNLOP SP SPORT LM704,,EST,195/60R15,DUNLOP,SP SPORT LM704
NEUMATICOS,NEUMATICO 195/60R15 DUNLOP SPR1,,C510,195/60R15,DUNLOP,SPR1
NEUMATICOS,NEUMATICO 195/60R15 GOODRIDE RP28,C206,D208,195/60R15,GOODRIDE,RP28
NEUMATICOS,NEUMATICO 195/60R15 ROADX H12 88H,H505,G103,195/60R15,ROADX,H12 88H
NEUMATICOS,NEUMATICO 195/60R15 SUMITOMO HTR200,,,195/60R15,SUMITOMO,HTR200
NEUMATICOS,NEUMATICO 195/60R16 GOODRIDE RP28,C211,,195/60R16,GOODRIDE,RP28
NEUMATICOS,Neumático 195/60R16 Nexen Nblue 89H,C301,,195/60R16,Nexen,Nblue 89H
NEUMATICOS,NEUMATICO 195/60R16 ROADMARCH PRIMESTAR 66,E203,B401,195/60R16,ROADMARCH,PRIMESTAR 66
NEUMATICOS,NEUMÁTICO 195/60R16 ROADX H12,C212,D106,195/60R16,ROADX,H12
NEUMATICOS,NEUMÁTICO 195/60R16C GREENLANDER LMAX 9 97T,D211,,195/60R16C,GREENLANDER,LMAX 9 97T
NEUMATICOS,NEUMATICO 195/65R15 GOODYEAR EAGLE SPORT 2,P14,A405,195/65R15,GOODYEAR,EAGLE SPORT 2
NEUMATICOS,NEUMATICO 195/65R15 MIRAGE MR166,,E311,195/65R15,MIRAGE,MR166
NEUMATICOS,NEUMATICO 195/65R15 NEXEN NPRIZ AH5 89T,H509,D404,195/65R15,NEXEN,NPRIZ AH5 89T
NEUMATICOS,NEUMATICO 195/65R15 NEXEN NPRIZ GX,H201,,195/65R15,NEXEN,NPRIZ GX
NEUMATICOS,NEUMATICO 195/65R15 ROADMARCH PRIME AS 95V XL,B304,,195/65R15,ROADMARCH,PRIME AS 95V XL
NEUMATICOS,NEUMATICO 195/65R15 ROADMARCH PRIMESTAR 66 LETRAS BLANCAS 91H,H401,C303,195/65R15,ROADMARCH,PRIMESTAR 66 LETRAS BLANCAS 91H
NEUMATICOS,NEUMATICO 195/65R15 ROADX H12 91V,H106,,195/65R15,ROADX,H12 91V
NEUMATICOS,NEUMATICO 195/65R15 SONIX ECOPRO 99 95T / 91V,G107,E311,195/65R15,SONIX,ECOPRO 99 95T / 91V
NEUMATICOS,NEUMÁTICO 195/65R16C TOYO NEVA,E111,,195/65R16C,TOYO,NEVA
NEUMATICOS,NEUMATICO 195/70R14 GOODRIDE RP28 9H,C216,,195/70R14,GOODRIDE,RP28 9H
NEUMATICOS,NEUMATICO 195/70R15C COMFORSER CF350,E202,C203,195/70R15C,COMFORSER,CF350
NEUMATICOS,NEUMATICO 195/70R15C ROADWING RW 05,D202,,195/70R15C,ROADWING,RW 05
NEUMATICOS,NEUMÁTICO 195/75R16C MIRAGE MR300 105R,D210,,195/75R16C,MIRAGE,MR300 105R
NEUMATICOS,NEUMATICO 195/80R15 BRIDGESTONE HT,,D303,195/80R15,BRIDGESTONE,HT
NEUMATICOS,NEUMATICO 195/80R15 DUNLOP AT20,,D304,195/80R15,DUNLOP,AT20
NEUMATICOS,NEUMATICO 195R14 SUNSET MT,F3,A304,195R14,SUNSET,MT
NEUMATICOS,NEUMATICO 195R14C MIRAGE MR300,D206,C306,195R14C,MIRAGE,MR300
NEUMATICOS,NEUMATICO 195R14C NEXEN ROADIAN CT8,F1,A303,195R14C,NEXEN,ROADIAN CT8
NEUMATICOS,NEUMATICO 195R14C ROADMARCH PRIMEVAN 36,,,195R14C,ROADMARCH,PRIMEVAN 36
NEUMATICOS,NEUMATICO 195R15C HANKOOK,P14,,195R15C,HANKOOK,
NEUMATICOS,NEUMATICO 195R15C KUMHO PORTRAN,P14,,195R15C,KUMHO,PORTRAN
NEUMATICOS,NEUMATICO 195R15C NEXEN ROADIAN CT8,,F202,195R15C,NEXEN,ROADIAN CT8
NEUMATICOS,NEUMATICO 195R15C ROADMARCH PRIMEVAN 36 104R,G401,F202,195R15C,ROADMARCH,PRIMEVAN 36 104R
NEUMATICOS,NEUMATICO 195R15C SUMAXX AT 104R,H104,,195R15C,SUMAXX,AT 104R
NEUMATICOS,NEUMATICO 205/40R17 ROADMARCH PRIME AS,,A404,205/40R17,ROADMARCH,PRIME AS
NEUMATICOS,NEUMATICO 205/40R17 ROADMARCH UHP 08 84W,G207,B404,205/40R17,ROADMARCH,UHP 08 84W
NEUMATICOS,NEUMATICO 205/40R17 WANLI SA302,C201,C503,205/40R17,WANLI,SA302
NEUMATICOS,NEUMATICO 205/40R18 LING LONG GREEN MAX 86W,C215,,205/40R18,LING,LONG GREEN MAX 86W
NEUMATICOS,NEUMATICO 205/40R18 MICHELIN PILOT SPORT 4,,EST,205/40R18,MICHELIN,PILOT SPORT 4
NEUMATICOS,NEUMÁTICO 205/40ZR17 ROADX U11,G405,CALE,205/40ZR17,ROADX,U11
NEUMATICOS,NEUMATICO 205/45R16 GOODRIDE SA57 87W,C214,,205/45R16,GOODRIDE,SA57 87W
NEUMATICOS,NEUMÁTICO 205/45R16 ROADX H12,C313,C507,205/45R16,ROADX,H12
NEUMATICOS,NEUMATICO 205/45R16 SUMAXX Z1,,,205/45R16,SUMAXX,Z1
NEUMATICOS,NEUMATICO 205/45R17 GOODRIDE SA57 88W,B408,D403,205/45R17,GOODRIDE,SA57 88W
NEUMATICOS,NEUMÁTICO 205/45ZR17 ROADX U11 88W,A203,B308,205/45ZR17,ROADX,U11 88W
NEUMATICOS,NEUMATICO 205/50R15 ROADMARCH PRIMESTAR 66 86V,,B409,205/50R15,ROADMARCH,PRIMESTAR 66 86V
NEUMATICOS,NEUMATICO 205/50R15 ROADX H12,,D202,205/50R15,ROADX,H12
NEUMATICOS,NEUMATICO 205/50R15 SONIX PRIMESTAR 66 86V,C315,,205/50R15,SONIX,PRIMESTAR 66 86V
NEUMATICOS,NEUMATICO 205/50R16 SUMAXX Z1,FR,,205/50R16,SUMAXX,Z1
NEUMATICOS,NEUMATICO 205/50R16 TRACMAX TX5,H402,B406,205/50R16,TRACMAX,TX5
NEUMATICOS,NEUMATICO 205/50R17 DULOP LM705,,B304,205/50R17,DULOP,LM705
NEUMATICOS,NEUMATICO 205/50R17 SONIX UHP 08 93W,A212,,205/50R17,SONIX,UHP 08 93W
NEUMATICOS,NEUMÁTICO 205/50ZR16 ROADX U11,C211,,205/50ZR16,ROADX,U11
NEUMATICOS,NEUMÁTICO 205/50ZR17 ROADX U11,ALNEXEN,C502,205/50ZR17,ROADX,U11
NEUMATICOS,NEUMATICO 205/55R15 COMFORSER CF510,,,205/55R15,COMFORSER,CF510
NEUMATICOS,NEUMATICO 205/55R15 LING LONG GREEN MAX,C315,C107,205/55R15,LING,LONG GREEN MAX
NEUMATICOS,NEUMÁTICO 205/55R16 APOLLO M UNITED,E212,,205/55R16,APOLLO,M UNITED
NEUMATICOS,NEUMATICO 205/55R16 DUNLOP SPR1,,,205/55R16,DUNLOP,SPR1
NEUMATICOS,NEUMATICO 205/55R16 FALKEN ZE310R,B303,,205/55R16,FALKEN,ZE310R
NEUMATICOS,NEUMÁTICO 205/55R16 GOODYEAR EAGLE SPORT 2,,,205/55R16,GOODYEAR,EAGLE SPORT 2
NEUMATICOS,Neumático 205/55R16 Nexen Npriz Ah5,D205,D403,205/55R16,Nexen,Npriz Ah5
NEUMATICOS,NEUMATICO 205/55R16 NEXEN NPRIZ GX 91V,B204,C307,205/55R16,NEXEN,NPRIZ GX 91V
NEUMATICOS,NEUMÁTICO 205/55R16 PIRELLI P7,P14,,205/55R16,PIRELLI,P7
NEUMATICOS,NEUMÁTICO 205/55R16 RYDANZ R03 RUNFLAT,B316,CALE,205/55R16,RYDANZ,R03 RUNFLAT
NEUMATICOS,NEUMATICO 205/55R16 91V SONIX ECOPRO 99,A107-A111,E307,205/55R16,91V,SONIX ECOPRO 99
NEUMATICOS,NEUMATICO 205/55R16 SUMAXX Z1 91V,H405,,205/55R16,SUMAXX,Z1 91V
NEUMATICOS,NEUMATICO 205/55R17 LING LONG GREENMAX HP010,D206,,205/55R17,LING,LONG GREENMAX HP010
NEUMATICOS,NEUMÁTICO 205/55ZR17 ROADX U11 95Y,B109,A303,205/55ZR17,ROADX,U11 95Y
NEUMATICOS,NEUMATICO 205/60R14 OHTSU FP1000,,,205/60R14,OHTSU,FP1000
NEUMATICOS,NEUMATICO 205/60R15 GOODYEAR EFICIETGRIP,,,205/60R15,GOODYEAR,EFICIETGRIP
NEUMATICOS,NEUMATICO 205/60R15 ROADX H12,H401,,205/60R15,ROADX,H12
NEUMATICOS,NEUMATICO 205/60R15 SONIX ECOPRO 99,B313,B403,205/60R15,SONIX,ECOPRO 99
NEUMATICOS,NEUMATICO 205/60R15 SUMAXX AT 91H,C312,,205/60R15,SUMAXX,AT 91H
NEUMATICOS,NEUMÁTICO 205/60R16 LUISTONE DK569 92V,H502,,205/60R16,LUISTONE,DK569 92V
NEUMATICOS,NEUMATICO 205/60R16 GOODRIDE RP28,C306,C101,205/60R16,GOODRIDE,RP28
NEUMATICOS,Neumático 205/60R16 Nexen Nblue Hd Plus 96H,C206,B306,205/60R16,Nexen,Nblue Hd Plus 96H
NEUMATICOS,NEUMATICO 205/60R16 96V XL SONIX ECOPRO 99,H503,E309,205/60R16,96V,XL SONIX ECOPRO 99
NEUMATICOS,NEUMATICO 205/65R15 DUNLOP SPT1 94T,B316,,205/65R15,DUNLOP,SPT1 94T
NEUMATICOS,NEUMATICO 205/65R15 ROADMARCH ECOPRO 99,B308,B303,205/65R15,ROADMARCH,ECOPRO 99
NEUMATICOS,NEUMATICO 205/65R15 ROADX H12 94V,C308,,205/65R15,ROADX,H12 94V
NEUMATICOS,NEUMATICO 205/65R15 SUMAXX AT 94H,B216,F202,205/65R15,SUMAXX,AT 94H
NEUMATICOS,NEUMATICO 205/65R16 ROADMARCH PRIMESTAR 66,,D109,205/65R16,ROADMARCH,PRIMESTAR 66
NEUMATICOS,NEUMÁTICO 205/65R16 ROADX H12 95H,D205,A103,205/65R16,ROADX,H12 95H
NEUMATICOS,NEUMÁTICO 205/65R16C CONTINENTAL VANCO 100,P14,,205/65R16C,CONTINENTAL,VANCO 100
NEUMATICOS,NEUMÁTICO 205/65R16C KINGBOSS G326,D302,D203,205/65R16C,KINGBOSS,G326
NEUMATICOS,NEUMATICO 205/70R14 SONIX PRIMESTAR 66 95H,B310,,205/70R14,SONIX,PRIMESTAR 66 95H
NEUMATICOS,NEUMATICO 205/70R15 PIRELLI ATR,P14,,205/70R15,PIRELLI,ATR
NEUMATICOS,NEUMATICO 205/70R15 SUMAXX AT,,,205/70R15,SUMAXX,AT
NEUMATICOS,NEUMATICO 205/70R15 XBRI BRUTUS AT,D208,,205/70R15,XBRI,BRUTUS AT
NEUMATICOS,NEUMATICO 205/70R15C MIRAGE MR300,H409,,205/70R15C,MIRAGE,MR300
NEUMATICOS,NEUMÁTICO 205/70R16 FALKEN ZE914,,CALE,205/70R16,FALKEN,ZE914
NEUMATICOS,NEUMÁTICO 205/75R16C BRIDGESTONE R234,P14,,205/75R16C,BRIDGESTONE,R234
NEUMATICOS,NEUMÁTICO 205/75R16C MIRAGE MR300 108R,D102-D103,,205/75R16C,MIRAGE,MR300 108R
NEUMATICOS,NEUMÁTICO 205/85R16 GOODRIDE ST313,P14,,205/85R16,GOODRIDE,ST313
NEUMATICOS,Neumático 215/35ZR18 Roadmarch Prime Uhp08,,D501-508,215/35ZR18,Roadmarch,Prime Uhp08
NEUMATICOS,NEUMÁTICO 215/35ZR18 ROADX U11 84Y,E304,,215/35ZR18,ROADX,U11 84Y
NEUMATICOS,NEUMATICO 215/40R16 ROADMARCH UHP 08,,D508,215/40R16,ROADMARCH,UHP 08
NEUMATICOS,NEUMATICO 215/40R17 ROADX U11 87Y XL,F3,,215/40R17,ROADX,U11 87Y XL
NEUMATICOS,Neumático 215/40R18 Dunlop Direzza Dz101,,A210,215/40R18,Dunlop,Direzza Dz101
NEUMATICOS,NEUMÁTICO 215/40ZR18 ROADX U11 89Y,F3,,215/40ZR18,ROADX,U11 89Y
NEUMATICOS,NEUMATICO 215/45R17 APTANY RA301 91W XL,B303,,215/45R17,APTANY,RA301 91W XL
NEUMATICOS,NEUMATICO 215/45R17 DUNLOP DZ102 91W,G404,D307,215/45R17,DUNLOP,DZ102 91W
NEUMATICOS,NEUMATICO 215/45R17 NEXEN NFERA SU1,E204,C203,215/45R17,NEXEN,NFERA SU1
NEUMATICOS,NEUMÁTICO 215/45ZR16 ROADX U11,E210,,215/45ZR16,ROADX,U11
NEUMATICOS,NEUMÁTICO 215/45ZR17 ROADX U11 91W,B213,F301,215/45ZR17,ROADX,U11 91W
NEUMATICOS,NEUMÁTICO 215/45ZR17 SUMAXX MAX DRIFTING X,D212,,215/45ZR17,SUMAXX,MAX DRIFTING X
NEUMATICOS,NEUMÁTICO 215/45ZR18 HANKOOK VENTUS V12 EVO 2,E209,,215/45ZR18,HANKOOK,VENTUS V12 EVO 2
NEUMATICOS,NEUMÁTICO 215/45ZR18 ROADX U11 93Y,F3,A201,215/45ZR18,ROADX,U11 93Y
NEUMATICOS,NEUMATICO 215/50R13 ROADX RXMOTION H03 LETRA BLANCA 84H,E306,G202,215/50R13,ROADX,RXMOTION H03 LETRA BLANCA 84H
NEUMATICOS,NEUMATICO 215/50R17 APTANY RA301,B202,CALE,215/50R17,APTANY,RA301
NEUMATICOS,NEUMÁTICO 215/50R17 HANKOOK VENTUS PRIME 4,,,215/50R17,HANKOOK,VENTUS PRIME 4
NEUMATICOS,NEUMATICO 215/50R17 NEXEN NPRIZ AH8,E312,,215/50R17,NEXEN,NPRIZ AH8
NEUMATICOS,NEUMÁTICO 215/50R17 PIRELLI CINTURATO P7 KS,H305,EST,215/50R17,PIRELLI,CINTURATO P7 KS
NEUMATICOS,NEUMATICO 215/50R17 ROADMARCH PRIME AS,D303,,215/50R17,ROADMARCH,PRIME AS
NEUMATICOS,NEUMATICO 215/50R17 SONIX UHP 08 95W XL,,,215/50R17,SONIX,UHP 08 95W XL
NEUMATICOS,NEUMATICO 215/50R17 WANLI H220,,G101,215/50R17,WANLI,H220
NEUMATICOS,NEUMATICO 215/50R18 LING LONG GRIP MASTER 92W,E311,,215/50R18,LING,LONG GRIP MASTER 92W
NEUMATICOS,NEUMÁTICO 215/50R18 ROADX SU01,,,215/50R18,ROADX,SU01
NEUMATICOS,NEUMÁTICO 215/50ZR17 ROADX U11 95W,D307,,215/50ZR17,ROADX,U11 95W
NEUMATICOS,NEUMATICO 215/55R16 DUNLOP DZ102,H507,D303,215/55R16,DUNLOP,DZ102
NEUMATICOS,NEUMÁTICO 215/55R16 HANKOOK KINERGY GT,,A306,215/55R16,HANKOOK,KINERGY GT
NEUMATICOS,NEUMATICO 215/55R16 ROADMARCH ECOPRO 99,C209,,215/55R16,ROADMARCH,ECOPRO 99
NEUMATICOS,NEUMÁTICO 215/55R16 ROADX U11,,,215/55R16,ROADX,U11
NEUMATICOS,NEUMÁTICO 215/55R18 DUNLOP SPORT MAX 050,,B203,215/55R18,DUNLOP,SPORT MAX 050
NEUMATICOS,NEUMATICO 215/55R18 KINGBOSS G866,,D203,215/55R18,KINGBOSS,G866
NEUMATICOS,NEUMÁTICO 215/55R18 ROADX H12,G110,,215/55R18,ROADX,H12
NEUMATICOS,NEUMATICO 215/55R18 TRIANGLE TH201 99W,,,215/55R18,TRIANGLE,TH201 99W
NEUMATICOS,Neumático 215/55ZR17 Nexen Nfera Su1,,D206,215/55ZR17,Nexen,Nfera Su1
NEUMATICOS,NEUMÁTICO 215/55ZR17 ROADX U11 94W,H204,B207,215/55ZR17,ROADX,U11 94W
NEUMATICOS,NEUMÁTICO 215/60R16 COMFORSER CF510,,,215/60R16,COMFORSER,CF510
NEUMATICOS,NEUMÁTICO 215/60R16 HANKOOK KINERGY ECO 2 95H,H203,B408,215/60R16,HANKOOK,KINERGY ECO 2 95H
NEUMATICOS,NEUMATICO 215/60R16 WANLI SP 226,D203,D305,215/60R16,WANLI,SP 226
NEUMATICOS,NEUMÁTICO 215/60R16C COMFORSER CF350,C209,,215/60R16C,COMFORSER,CF350
NEUMATICOS,NEUMÁTICO 215/60R17 COMFORSER CF1100 100T,E205,,215/60R17,COMFORSER,CF1100 100T
NEUMATICOS,NEUMATICO 215/60R17 DUNLOP LM705,,A305,215/60R17,DUNLOP,LM705
NEUMATICOS,NEUMATICO 215/60R17 LING LONG COMFORT MASTER 96H,G104,D304,215/60R17,LING,LONG COMFORT MASTER 96H
NEUMATICOS,NEUMATICO 215/60R17 NEXEN NPRIZ AH8,,D205,215/60R17,NEXEN,NPRIZ AH8
NEUMATICOS,NEUMATICO 215/60R17 ROADX HT01,C110,B109,215/60R17,ROADX,HT01
NEUMATICOS,NEUMÁTICO 215/60R17C COMFORSER CF350,E206,B,215/60R17C,COMFORSER,CF350
NEUMATICOS,NEUMÁTICO 215/60R17C MICHELIN AGILIS 3,P14,,215/60R17C,MICHELIN,AGILIS 3
NEUMATICOS,NEUMATICO 215/65R15C SONIX SUPERVAN S1,H304,,215/65R15C,SONIX,SUPERVAN S1
NEUMATICOS,NEUMATICO 215/65R16 GREENLANDER AT2,,,215/65R16,GREENLANDER,AT2
NEUMATICOS,NEUMÁTICO 215/65R16 MICHELIN LTX FORCE,P14,,215/65R16,MICHELIN,LTX FORCE
NEUMATICOS,NEUMÁTICO 215/65R16 MICHELIN PRIMACY 4,P14,,215/65R16,MICHELIN,PRIMACY 4
NEUMATICOS,NEUMATICO 215/65R16 ROADBOSS HP601,,A310,215/65R16,ROADBOSS,HP601
NEUMATICOS,NEUMÁTICO 215/65R16 ROADX H12 98H,G304,A302,215/65R16,ROADX,H12 98H
NEUMATICOS,NEUMATICO 215/65R16 ZEXTOUR HT,G206,,215/65R16,ZEXTOUR,HT
NEUMATICOS,NEUMÁTICO 215/65R16C CONTINENTAL VANCO 100,,A204,215/65R16C,CONTINENTAL,VANCO 100
NEUMATICOS,NEUMATICO 215/65R16C ROADMARCH PRIMEVAN 9,D201,,215/65R16C,ROADMARCH,PRIMEVAN 9
NEUMATICOS,NEUMATICO 215/65R16C ROADX CO2 8PR,G110,,215/65R16C,ROADX,CO2 8PR
NEUMATICOS,NEUMÁTICO 215/65R17 CONTINENTAL,,EST,215/65R17,CONTINENTAL,
NEUMATICOS,NEUMATICO 215/65R17 RROADMARCH HT 77 99V,D210,C107,215/65R17,RROADMARCH,HT 77 99V
NEUMATICOS,NEUMATICO 215/65R17C NEXEN ROADIAN CTX,D305,D205,215/65R17C,NEXEN,ROADIAN CTX
NEUMATICOS,NEUMATICO 215/70R15 MIRAGE MR166 98H,D209,,215/70R15,MIRAGE,MR166 98H
NEUMATICOS,NEUMATICO 215/70R15C MIRAGE MR300,,,215/70R15C,MIRAGE,MR300
NEUMATICOS,NEUMATICO 215/70R15C ROADMARCH PRIMEVAN 9 104/101R,C209,,215/70R15C,ROADMARCH,PRIMEVAN 9 104/101R
NEUMATICOS,NEUMATICO 215/70R15C WANLI SL 106,D312,,215/70R15C,WANLI,SL 106
NEUMATICOS,NEUMATICO 215/70R16 NEXEN NB 4 SEASON,,D201,215/70R16,NEXEN,NB 4 SEASON
NEUMATICOS,NEUMATICO 215/70R16 ROADX HT01,D108,,215/70R16,ROADX,HT01
NEUMATICOS,NEUMÁTICO 215/70R16 RYDANZ RAPTOR R09 AT,,B301,215/70R16,RYDANZ,RAPTOR R09 AT
NEUMATICOS,NEUMATICO 215/70R16 WANLI H220 100H,C204,C209,215/70R16,WANLI,H220 100H
NEUMATICOS,NEUMÁTICO 215/70R16C GREENLANDER LMAX 9,D207,DF,215/70R16C,GREENLANDER,LMAX 9
NEUMATICOS,NEUMATICO 215/70R16C HANKOOK RA 08,,COMPRESOR,215/70R16C,HANKOOK,RA 08
NEUMATICOS,NEUMATICO 215/75R14 MILEKING MK818 101Q,H308,,215/75R14,MILEKING,MK818 101Q
NEUMATICOS,NEUMATICO 215/75R14C KETER LH STR,G206,,215/75R14C,KETER,LH STR
NEUMATICOS,NEUMATICO 215/75R14C ROADMARCH PRIMEVAN 9 110R,G101,,215/75R14C,ROADMARCH,PRIMEVAN 9 110R
NEUMATICOS,NEUMATICO 215/75R15 MIRAGE MR AT172 100S,D203,EST,215/75R15,MIRAGE,MR AT172 100S
NEUMATICOS,NEUMATICO 215/75R15 ONYX AT 172,,C302,215/75R15,ONYX,AT 172
NEUMATICOS,NEUMATICO 215/75R15 WINDFORCE AT2 97R,D310,D301,215/75R15,WINDFORCE,AT2 97R
NEUMATICOS,NEUMATICO 215/75R15 XBRI HT,,B307,215/75R15,XBRI,HT
NEUMATICOS,NEUMÁTICO 215/75R16C APTANY RL106 114S,D210,,215/75R16C,APTANY,RL106 114S
NEUMATICOS,NEUMÁTICO 215/75R16C CONTINENTAL VANCO 100,,E105-106,215/75R16C,CONTINENTAL,VANCO 100
NEUMATICOS,NEUMÁTICO 215/75R17.5 CENTARA SD703S,,,215/75R17.5,CENTARA,SD703S
NEUMATICOS,NEUMATICO 225/40R18 NEXEN NPRIZ AH8,,B503,225/40R18,NEXEN,NPRIZ AH8
NEUMATICOS,NEUMATICO 225/40R18 SONIX UHP08 92W,,B101,225/40R18,SONIX,UHP08 92W
NEUMATICOS,NEUMATICO 225/40R18 WANNLI SPORT RACING,D305,,225/40R18,WANNLI,SPORT RACING
,NEUMÁTICO 225/40R19 ROADX U11 93Y,D304,,225/40R19,ROADX,U11 93Y
,NEUMÁTICO 225/40R19 ROADX U11 RUNFLAT 89W,D304,,225/40R19,ROADX,U11 RUNFLAT 89W
,NEUMATICO 225/40ZR18 GOODRIDE SA57,,A207,225/40ZR18,GOODRIDE,SA57
,NEUMÁTICO 225/40ZR18 ROADX U11,F4,,225/40ZR18,ROADX,U11
,NEUMÁTICO 225/40ZR19 HANKOOK VENTUS V12 EVO 2,,C105,225/40ZR19,HANKOOK,VENTUS V12 EVO 2
,NEUMÁTICO 225/40ZRF18 ROADX U11 RUNFLAT 92W,E303,A205,225/40ZRF18,ROADX,U11 RUNFLAT 92W
,NEUMATICO 225/45R17 NEXEN NPRIZ AH8,H206,B201,225/45R17,NEXEN,NPRIZ AH8
,NEUMÁTICO 225/45R17 RYDANZ R02 RUNFLAT,G111,,225/45R17,RYDANZ,R02 RUNFLAT
,NEUMATICO 225/45R18 KUMHO ECSTA PS71,D303,,225/45R18,KUMHO,ECSTA PS71
,NEUMATICO 225/45R18 LENSTONE RUNFLAT,E301,C310,225/45R18,LENSTONE,RUNFLAT
,NEUMATICO 225/45R18 NEXEN CP662,E110,A204,225/45R18,NEXEN,CP662
,NEUMATICO 225/45R18 ROADMARCH UHP 08 95W,H504,,225/45R18,ROADMARCH,UHP 08 95W
,NEUMATICO 225/45R19 AUTOGREEN RUNFLAT,,A206,225/45R19,AUTOGREEN,RUNFLAT
,NEUMATICO 225/45R19 KUSTONE RUNFLAT,,,225/45R19,KUSTONE,RUNFLAT
,NEUMÁTICO 225/45R19 ROADX SU01 96W,E309,,225/45R19,ROADX,SU01 96W
,NEUMATICO 225/45RZRF17 ROADMARCH LZEAL 56 RUNFLAT,E210,A205,225/45RZRF17,ROADMARCH,LZEAL 56 RUNFLAT
,NEUMÁTICO 225/45ZR17 ROADX U11 94W,D309,G,225/45ZR17,ROADX,U11 94W
,NEUMÁTICO 225/45ZR18 ROADX U11 95W,E308,A203,225/45ZR18,ROADX,U11 95W
,NEUMATICO 225/50R15 SUMAXX AT,D306,,225/50R15,SUMAXX,AT
,NEUMATICO 225/50R16 SONIX UHP 08 96W,H403,,225/50R16,SONIX,UHP 08 96W
,NEUMATICO 225/50R17 ROADMARCH UHP08 98W,G202,B102,225/50R17,ROADMARCH,UHP08 98W
,NEUMÁTICO 225/50R17 ROADX U11 RUNFLAT 98W,C207,,225/50R17,ROADX,U11 RUNFLAT 98W
,NEUMATICO 225/50R17 TRIANGLE TR968,FR,A105,225/50R17,TRIANGLE,TR968
,NEUMÁTICO 225/50R18 APTANY RUNFLAT,E107,B206,225/50R18,APTANY,RUNFLAT
,NEUMÁTICO 225/50R18 BRIDGESTONE ALENZA 001 95V,H303,,225/50R18,BRIDGESTONE,ALENZA 001 95V
,NEUMATICO 225/50R18 ROADX SU01 99Y,E210,,225/50R18,ROADX,SU01 99Y
,NEUMÁTICO 225/50RZR17 ROADX U11,C207,,225/50RZR17,ROADX,U11
,NEUMÁTICO 225/55R17 PIRELLI CINTURATO P7 RUNFLAT,,B207,225/55R17,PIRELLI,CINTURATO P7 RUNFLAT
,NEUMATICO 225/55R17 ROADMARCH PRIMESTAR 66 101H,E310,,225/55R17,ROADMARCH,PRIMESTAR 66 101H
,NEUMATICO 225/55R17 ROADX U11,,B202,225/55R17,ROADX,U11
,NEUMATICO 225/55R17 TRIANGLE TR968,F1,B506,225/55R17,TRIANGLE,TR968
,NEUMÁTICO 225/55R17 YOKOHAMA GEOLANDAR G95,,,225/55R17,YOKOHAMA,GEOLANDAR G95
,NEUMÁTICO 225/55R18 COMFORSER CF1100,,BALAN,225/55R18,COMFORSER,CF1100
,NEUMÁTICO 225/55R18 GOODYEAR OUTLANDER OEM,P14,,225/55R18,GOODYEAR,OUTLANDER OEM
,NEUMÁTICO 225/55R18 PIRELLI SCORPION,,EST,225/55R18,PIRELLI,SCORPION
,NEUMÁTICO 225/55R18 ROADX SU01 102W XL,B103,A204,225/55R18,ROADX,SU01 102W XL
,NEUMÁTICO 225/55R19 FALKEN FK510,P14,,225/55R19,FALKEN,FK510
,NEUMÁTICO 225/55R19 ROADX SU01 99W,H107,,225/55R19,ROADX,SU01 99W
,Neumático 225/55RF17 Roadmarch Lzeal 56 Runflat,,F101,225/55RF17,Roadmarch,Lzeal 56 Runflat
,NEUMÁTICO 225/60R16 Windforce Catchgre Gp100,E201,,225/60R16,Windforce,Catchgre Gp100
,NEUMÁTICO 225/60R17 GREENLANDER MAGA AT2 99H,D211,,225/60R17,GREENLANDER,MAGA AT2 99H
,NEUMATICO 225/60R17 KUMHO HP71 99V,E207,,225/60R17,KUMHO,HP71 99V
,NEUMÁTICO 225/60R17 MICHELIN PRIMACY 3,,EST,225/60R17,MICHELIN,PRIMACY 3
,NEUMATICO 225/60R17 NEXEN NPRIZ AH8,,D305,225/60R17,NEXEN,NPRIZ AH8
,NEUMÁTICO 225/60R17 NEXEN RH7,P14,,225/60R17,NEXEN,RH7
,NEUMÁTICO 225/60R17 ROADX RXQUEST HT02,G102,,225/60R17,ROADX,RXQUEST HT02
,NEUMATICO 225/60R17 SONIX HT 79 99H,H103,,225/60R17,SONIX,HT 79 99H
,NEUMÁTICO 225/60R18 ROADX HT02,E106,,225/60R18,ROADX,HT02
,NEUMÁTICO 225/60R18 XBRI BRUTUS,P14,,225/60R18,XBRI,BRUTUS
,NEUMATICO 225/65R16 APTANY RU101,,F202,225/65R16,APTANY,RU101
,NEUMATICO 225/65R16 BEARWAY BWBW 380,E205,,225/65R16,BEARWAY,BWBW 380
,NEUMÁTICO 225/65R16C APTANY RL106,,,225/65R16C,APTANY,RL106
,NEUMATICO 225/65R16C KINGBOSS G326 110T,D207,,225/65R16C,KINGBOSS,G326 110T
,NEUMÁTICO 225/65R17 APTANY RU101 102T,F4,D309,225/65R17,APTANY,RU101 102T
,NEUMATICO 225/65R17 DUNLOP AT5,E207,D108,225/65R17,DUNLOP,AT5
,NEUMATICO 225/65R17 GOODYEAR ASSURANCE WATER READY 2,H307,E108,225/65R17,GOODYEAR,ASSURANCE WATER READY 2
,NEUMÁTICO 225/65R17 GOODYEAR ASSURASNCE CONFORT DRIVE,,,225/65R17,GOODYEAR,ASSURASNCE CONFORT DRIVE
,NEUMÁTICO 225/65R17 GOODYEAR WRANGLER FORTITUDE HT,P14,EST,225/65R17,GOODYEAR,WRANGLER FORTITUDE HT
,NEUMÁTICO 225/65R17 HANKOOK HP2,,,225/65R17,HANKOOK,HP2
,NEUMATICO 225/65R17 NEXEN NPRIZ AH5,,C102,225/65R17,NEXEN,NPRIZ AH5
,NEUMÁTICO 225/65R17 ROADX AT21,D212,E102,225/65R17,ROADX,AT21
,NEUMATICO 225/65R17 ROADX HT01,D208,,225/65R17,ROADX,HT01
,NEUMATICO 225/65R17 SUMAXX AT,E208,,225/65R17,SUMAXX,AT
,NEUMATICO 225/70R15C BRIGHTWAY LRP 188,D108,,225/70R15C,BRIGHTWAY,LRP 188
,NEUMATICO 225/70R15C ROADMARCH PRIMEVAN 9 110R,E211,D308,225/70R15C,ROADMARCH,PRIMEVAN 9 110R
,NEUMÁTICO 225/70R16 AUTOGREEN AT,,,225/70R16,AUTOGREEN,AT
,NEUMÁTICO 225/70R16 KUSTONE 103H,H104,C109,225/70R16,KUSTONE,103H
,NEUMATICO 225/70R16 ROADMARCH AT2,,F102,225/70R16,ROADMARCH,AT2
,NEUMATICO 225/70R16 ROADMARCH HT79,,,225/70R16,ROADMARCH,HT79
,NEUMÁTICO 225/70R17C DUNLOP AT20 108/106S,C105,EST,225/70R17C,DUNLOP,AT20 108/106S
,NEUMÁTICO 225/70R17C KUMHO AT52,E212,E102,225/70R17C,KUMHO,AT52
,NEUMATICO 225/75R15 XBRI HT2,,A309,225/75R15,XBRI,HT2
,NEUMATICO 225/75R15 ZEXTOUR HIGHLANDER AT,,C103,225/75R15,ZEXTOUR,HIGHLANDER AT
,NEUMÁTICO 225/75R16 GOODRIDE SL369,F13,,225/75R16,GOODRIDE,SL369
,NEUMATICO 225/75R16 MIRAGE MR300,E112,,225/75R16,MIRAGE,MR300
,Neumatico 225/75R16 Onyx AT,,D101,225/75R16,Onyx,AT
,NEUMATICO 225/75R16 ROADX AT21 10 PR,,D102,225/75R16,ROADX,AT21 10 PR
,NEUMÁTICO 225/75R16 XBRI MT1,P14,,225/75R16,XBRI,MT1
,NEUMÁTICO 225/75R16C CONTINENTAL VANCO AP,P14,,225/75R16C,CONTINENTAL,VANCO AP
,NEUMATICO 235/35R19 DUNLOP SPORT MAXX TT JAPONES,F1,,235/35R19,DUNLOP,SPORT MAXX TT JAPONES
,NEUMATICO 235/35R19 NEXEN NFERA SU1,,,235/35R19,NEXEN,NFERA SU1
,NEUMATICO 235/35R19 ROADMARCH UHP 08,E302,B205,235/35R19,ROADMARCH,UHP 08
,NEUMATICO 235/35R19 ROADX U11,,,235/35R19,ROADX,U11
,NEUMATICO 235/35R20 SONIX LZEAL 56,G108,,235/35R20,SONIX,LZEAL 56
,NEUMATICO 235/40R17 WANLI SPORT RACING,,B505,235/40R17,WANLI,SPORT RACING
,Neumático 235/40R18 Nexen Npriz Ah8,,B106,235/40R18,Nexen,Npriz Ah8
,NEUMATICO 235/40R18 ROADMARCH PRIME UHP08,D308,C504,235/40R18,ROADMARCH,PRIME UHP08
,NEUMÁTICO 235/40ZR18 ROADX U11 95W XL,F2,B501,235/40ZR18,ROADX,U11 95W XL
,NEUMATICO 235/45R17 ROADMARCH UHP 08,,B208,235/45R17,ROADMARCH,UHP 08
,NEUMATICO 235/45R17 ROADX U11,E303,,235/45R17,ROADX,U11
,NEUMATICO 235/45R17 WANLI SPORT RACING,,B209,235/45R17,WANLI,SPORT RACING
,NEUMÁTICO 235/45R18 ROADX U11 98Y,C213,A209,235/45R18,ROADX,U11 98Y
,NEUMÁTICO 235/50R18 PIRELLI SCORPION,P14,,235/50R18,PIRELLI,SCORPION
,NEUMATICO 235/50R18 ROADMARCH PRIME UHP08,,C110,235/50R18,ROADMARCH,PRIME UHP08
,NEUMATICO 235/50R18 ROADX SU01 97V,F1,,235/50R18,ROADX,SU01 97V
,NEUMATICO 235/50R19 ROADMARCH UHP 08 103W,E108,,235/50R19,ROADMARCH,UHP 08 103W
,NEUMÁTICO 235/50R19 ROADX SU02,G101,C108,235/50R19,ROADX,SU02
,NEUMATICO 235/55R17 ROADX SU01,B110,,235/55R17,ROADX,SU01
,NEUMÁTICO 235/55R18 ROADX HT02,B105,,235/55R18,ROADX,HT02
,NEUMÁTICO 235/55R19 HANKOOK HP2,G203,E105,235/55R19,HANKOOK,HP2
,NEUMATICO 235/55R19 ROADMARCH UHP08 105V,G104,,235/55R19,ROADMARCH,UHP08 105V
,NEUMÁTICO 235/55R19 ROADX HT02,,B103,235/55R19,ROADX,HT02
,NEUMÁTICO 235/55R20 GOODYEAR ASSURANCE MAX LIFE,H203,E103,235/55R20,GOODYEAR,ASSURANCE MAX LIFE
,NEUMATICO 235/55R20 NEXEN NFERA RU5,,A107,235/55R20,NEXEN,NFERA RU5
,NEUMÁTICO 235/55R20 ROADX HT02,,,235/55R20,ROADX,HT02
,NEUMATICO 235/60R16 COMFORSER CF1000 100H,B109,,235/60R16,COMFORSER,CF1000 100H
,NEUMÁTICO 235/60R16 ROADX H12 100V,D107,C304,235/60R16,ROADX,H12 100V
,NEUMÁTICO 235/60R17 APTANY RU25 102H,E111,,235/60R17,APTANY,RU25 102H
,NEUMATICO 235/60R17 ROADX HT02,,FRONTIS,235/60R17,ROADX,HT02
,NEUMATICO 235/60R18 COMFORSER CF1100,,,235/60R18,COMFORSER,CF1100
,NEUMATICO 235/60R18 FALKEN ZE914,H105,,235/60R18,FALKEN,ZE914
,NEUMÁTICO 235/60R18 HANKOOK KINERGY GT,P14,,235/60R18,HANKOOK,KINERGY GT
,NEUMATICO 235/60R18 ROADMARCH PRIMEMARCH HT77 107H,D108,D107,235/60R18,ROADMARCH,PRIMEMARCH HT77 107H
,NEUMÁTICO 235/60R18 ROADX HT01,F10,,235/60R18,ROADX,HT01
,NEUMATICO 235/65R16 ROADMARCH PRIMESTAR 66,,F102,235/65R16,ROADMARCH,PRIMESTAR 66
,NEUMÁTICO 235/65R16C COMFORSER CF350 113R,D109,,235/65R16C,COMFORSER,CF350 113R
,NEUMATICO 235/65R16C ROADMARCH PRIMEVAN 9,E102,C101,235/65R16C,ROADMARCH,PRIMEVAN 9
,NEUMATICO 235/65R17 KUMHO HP71,,,235/65R17,KUMHO,HP71
,NEUMATICO 235/65R17 NEXEN GTX 104H,D105,CALE,235/65R17,NEXEN,GTX 104H
,NEUMÁTICO 235/65R17 ROADX AT21 108H,D104,,235/65R17,ROADX,AT21 108H
,NEUMATICO 235/65R17 ROADX HT01,G103,,235/65R17,ROADX,HT01
,NEUMATICO 235/65R17 SONIX HT 79 104H,G103,D210,235/65R17,SONIX,HT 79 104H
,NEUMÁTICO 235/65R17 WINDOFRCE HT,,,235/65R17,WINDOFRCE,HT
,NEUMATICO 235/65R18 ROADX HT01 106H,G103,,235/65R18,ROADX,HT01 106H
,NEUMÁTICO 235/70R16 HANKOOK AT2,,D106,235/70R16,HANKOOK,AT2
,Neumático 235/70R16 Roadmarch Primemarch Ht 79 106H,C104,C207,235/70R16,Roadmarch,Primemarch Ht 79 106H
,NEUMÁTICO 235/70R16 ROADX AT21,,,235/70R16,ROADX,AT21
,NEUMATICO 235/70R16 ROADX HT01,E205,,235/70R16,ROADX,HT01
,NEUMÁTICO 235/70R16 SUMAXX AT 109T,E312,,235/70R16,SUMAXX,AT 109T
,NEUMÁTICO 235/70R17 KUMHO,P14,,235/70R17,KUMHO,
,NEUMATICO 235/70R17 NEXEN HTX,,,235/70R17,NEXEN,HTX
,NEUMATICO 235/75R15 NEXEN AT PRO,E106,,235/75R15,NEXEN,AT PRO
,Neumático 235/75R15 Nexen Roadian At2,,D107,235/75R15,Nexen,Roadian At2
,NEUMÁTICO 235/75R15 SUMAXX AT,,D208,235/75R15,SUMAXX,AT
,NEUMATICO 235/75R15 WINDFORCE AT2 101R,E106,,235/75R15,WINDFORCE,AT2 101R
,Neumático 235/75R15 Xbri Forza Ht,E107,F103,235/75R15,Xbri,Forza Ht
,NEUMATICO 235/75R15 XBRI MT2 104/101Q,B101,,235/75R15,XBRI,MT2 104/101Q
,NEUMÁTICO 235/75R17.5 CENTARA SD703S,,,235/75R17.5,CENTARA,SD703S
,NEUMATICO 245/35R18 NEXEN FERA SU1,,B205,245/35R18,NEXEN,FERA SU1
,NEUMÁTICO 245/35R19 ROADX H/T 93Y,F1,,245/35R19,ROADX,H/T 93Y
,NEUMATICO 245/35ZR18 ROADX U11 93Y XL,F1,,245/35ZR18,ROADX,U11 93Y XL
,NEUMÁTICO 245/35ZRZ18 ROADX U11 RUNFLAT 92Y XL,F1,B205,245/35ZRZ18,ROADX,U11 RUNFLAT 92Y XL
,NEUMATICO 245/40R17 ROADX U11 95W XL,F1,,245/40R17,ROADX,U11 95W XL
,NEUMATICO 245/40R18 ROADMARCH PRIME UHP 08,,A106,245/40R18,ROADMARCH,PRIME UHP 08
,NEUMATICO 245/40R18 ROADX U11 RUNFLAT 97Y XL,F2,,245/40R18,ROADX,U11 RUNFLAT 97Y XL
,NEUMÁTICO 245/40R20 ROADX U11,,,245/40R20,ROADX,U11
,NEUMÁTICO 245/40ZR18 ROADX U11 97Y XL,F2,,245/40ZR18,ROADX,U11 97Y XL
,NEUMÁTICO 245/40ZR19 ROADX U11 98Y,B207,,245/40ZR19,ROADX,U11 98Y
,Neumático 245/40ZRF19 Roadmarch Lzeal 56,,B105,245/40ZRF19,Roadmarch,Lzeal 56
,NEUMÁTICO 245/40ZRF19 ROADX U11 RUNFLAT,,,245/40ZRF19,ROADX,U11 RUNFLAT
,NEUMATICO 245/40ZRF20 ROADX U11 RUNFLAT,,DF,245/40ZRF20,ROADX,U11 RUNFLAT
,NEUMATICO 245/45R18 ROADMARCH UHP 08 100W,H409,B104,245/45R18,ROADMARCH,UHP 08 100W
,NEUMÁTICO 245/45ZR18 ROADX U11,FRONTIS,,245/45ZR18,ROADX,U11
,NEUMÁTICO 245/45ZR19 ROADX U11,,,245/45ZR19,ROADX,U11
,NEUMÁTICO 245/45ZR20 HANKOOK VENTUS V12 EVO 2,,E108,245/45ZR20,HANKOOK,VENTUS V12 EVO 2
,Neumático 245/45ZR20 Roadmarch Lzeal 56,,F101,245/45ZR20,Roadmarch,Lzeal 56
,NEUMÁTICO 245/45ZRF18 ROADX U11 RUNFLAT 100W,B207,A202,245/45ZRF18,ROADX,U11 RUNFLAT 100W
,NEUMATICO 245/45ZRF20 RYDANZ R06 RUNFLAT,,C107,245/45ZRF20,RYDANZ,R06 RUNFLAT
,NEUMATICO 245/50R20 ROADX HT02 105V,G110,,245/50R20,ROADX,HT02 105V
,NEUMATICO 245/50R20 SONIX LZEAL 56 105W,B112,,245/50R20,SONIX,LZEAL 56 105W
,NEUMÁTICO 245/50ZR18 PIRELLI PZERO,H304,BALAN,245/50ZR18,PIRELLI,PZERO
,NEUMATICO 245/50ZRF18 ROADX U11 RUNFLAT,H207,G,245/50ZRF18,ROADX,U11 RUNFLAT
,NEUMATICO 245/65R17 DUNLOP AT20,,COMPRESOR,245/65R17,DUNLOP,AT20
,NEUMÁTICO 245/65R17 HANKOOK HP2,H204,,245/65R17,HANKOOK,HP2
,NEUMÁTICO 245/65R17 ROADX AT21,D111,C104,245/65R17,ROADX,AT21
,NEUMÁTICO 245/65R17 ROADX HT01 107S,E111,,245/65R17,ROADX,HT01 107S
,NEUMÁTICO 245/65R17 TOYO AP28 111S,B109,,245/65R17,TOYO,AP28 111S
,Neumático 245/65R17 Triangle Thw10,,COMPRESOR,245/65R17,Triangle,Thw10
,NEUMÁTICO 245/65R17 XBRI HT,P14,,245/65R17,XBRI,HT
,Neumático 245/70R16 Bridgestone Dueler Ht 840,,COMPRESOR,245/70R16,Bridgestone,Dueler Ht 840
,NEUMATICO 245/70R16 DUNLOP AT20,,EST,245/70R16,DUNLOP,AT20
,NEUMATICO 245/70R16 HANKOOK HP2 107H,E101,,245/70R16,HANKOOK,HP2 107H
,NEUMÁTICO 245/70R16 MIRAGE AT172 107T,H102,,245/70R16,MIRAGE,AT172 107T
,NEUMATICO 245/70R16 NEXEN AT PRO,,,245/70R16,NEXEN,AT PRO
,NEUMATICO 245/70R16 ROADMARCH MT2 115Q,D111,,245/70R16,ROADMARCH,MT2 115Q
,NEUMATICO 245/70R16 ROADMARCH PRIMEMAX AT2 110S,H102,,245/70R16,ROADMARCH,PRIMEMAX AT2 110S
,NEUMÁTICO 245/70R16 ROADX AT21,H102,C104,245/70R16,ROADX,AT21
,NEUMÁTICO 245/70R16 SUMAXX AT,H102,,245/70R16,SUMAXX,AT
,NEUMÁTICO 245/70R16 XBRI MT2,P14,,245/70R16,XBRI,MT2
,NEUMÁTICO 245/70R17 CHAOYANG SU318,G104,E103,245/70R17,CHAOYANG,SU318
,NEUMÁTICO 245/75R16 GOODYEAR DURATRAC AT,G112,,245/75R16,GOODYEAR,DURATRAC AT
,NEUMATICO 245/75R16 ONYX AT 172 111S,H101,,245/75R16,ONYX,AT 172 111S
,NEUMATICO 245/75R16 ROADMARCH MT1 116N,E109,,245/75R16,ROADMARCH,MT1 116N
,NEUMÁTICO 245/75R16 ROADX AT21 111T,H101,D105,245/75R16,ROADX,AT21 111T
,NEUMATICO 245/75R16 SUMAXX AT 10PR,,,245/75R16,SUMAXX,AT 10PR
,NEUMATICO 245/75R17 ROADMARCH PRIMEMAX AT2,,D104,245/75R17,ROADMARCH,PRIMEMAX AT2
,NEUMÁTICO 255/35ZR19 FALKEN FK452,P14,,255/35ZR19,FALKEN,FK452
,Neumático 255/35ZR19 Roadmarch Lzeal 56 Runflat,,B105,255/35ZR19,Roadmarch,Lzeal 56 Runflat
,NEUMATICO 255/40R18 ROADMARCH UHP08 99W,H201,,255/40R18,ROADMARCH,UHP08 99W
,NEUMATICO 255/45R19 NEXEN NFERA SU1,H209,,255/45R19,NEXEN,NFERA SU1
,NEUMÁTICO 255/50R19 HANKOOK HP2,,,255/50R19,HANKOOK,HP2
,NEUMÁTICO 255/50R19 ROADX HT02,,,255/50R19,ROADX,HT02
,NEUMATICO 255/50R20 DUNLOP SPORT MAXX 050,,EST,255/50R20,DUNLOP,SPORT MAXX 050
,NEUMATICO 255/50R20 KUMHO HP71,H309,E108,255/50R20,KUMHO,HP71
,NEUMATICO 255/50R20 ROADMARCH PRIME UHP07,,E102,255/50R20,ROADMARCH,PRIME UHP07
,NEUMÁTICO 255/50R20 ROADX SU01 109Y,D109,,255/50R20,ROADX,SU01 109Y
,NEUMATICO 255/50RF19 ROADX U11 RUNFLAT,,CALE,255/50RF19,ROADX,U11 RUNFLAT
,NEUMÁTICO 255/55R18 XBRI SPORT 2,P14,,255/55R18,XBRI,SPORT 2
,NEUMÁTICO 255/55R19 ROADX SU01,C107,,255/55R19,ROADX,SU01
,NEUMÁTICO 255/55R19 XBRI,P14,,255/55R19,XBRI,
,NEUMATICO 255/60R17 PIRELLI SCORPION STR,,EST,255/60R17,PIRELLI,SCORPION STR
,NEUMATICO 255/60R18 DUNLOP AT25,,,255/60R18,DUNLOP,AT25
,NEUMÁTICO 255/60R18 KUMHO USADO,P14,,255/60R18,KUMHO,USADO
,NEUMATICO 255/60R18 NEXEN NPRIZ RH7,E111,,255/60R18,NEXEN,NPRIZ RH7
,NEUMÁTICO 255/60R18 NEXEN USADO,P14,,255/60R18,NEXEN,USADO
,NEUMATICO 255/60R18 ROADMARCH PRIMEMAX AT2,,A102,255/60R18,ROADMARCH,PRIMEMAX AT2
,NEUMÁTICO 255/60R18 ROADX SU01,,A107,255/60R18,ROADX,SU01
,Neumático 255/65R17 Maxxis Bravo Ht,,,255/65R17,Maxxis,Bravo Ht
,NEUMATICO 255/70R16 BRIDGESTONE DUELER AT 111T,B107,,255/70R16,BRIDGESTONE,DUELER AT 111T
,NEUMATICO 255/70R16 NEXEN AT PRO,H104,,255/70R16,NEXEN,AT PRO
,NEUMATICO 255/70R16 ROADX AT02,,,255/70R16,ROADX,AT02
,NEUMÁTICO 255/70R16 ROADX AT21,H104,B108,255/70R16,ROADX,AT21
,NEUMÁTICO 255/70R16 SUMAXX AT 111T,H104,G101,255/70R16,SUMAXX,AT 111T
,NEUMATICO 255/70R17 BRIDGESTONE AT,F4,,255/70R17,BRIDGESTONE,AT
,NEUMATICO 265/35R18 ROADMARCH UHP 08,G111,,265/35R18,ROADMARCH,UHP 08
,NEUMATICO 265/35R19 ROADX U11,,,265/35R19,ROADX,U11
,NEUMATICO 265/45R21 ROADX SU01,,,265/45R21,ROADX,SU01
,NEUMÁTICO 265/50R20 PIRELLI STR,G112,,265/50R20,PIRELLI,STR
,NEUMÁTICO 265/60R18 BRIDGESTONE HT 684,P14,,265/60R18,BRIDGESTONE,HT 684
,NEUMÁTICO 265/60R18 DUNLOP AT20,,,265/60R18,DUNLOP,AT20
,NEUMÁTICO 265/60R18 DUNLOP AT25,,,265/60R18,DUNLOP,AT25
,NEUMÁTICO 265/60R18 GOODYEAR DURATRAC AT,P14,,265/60R18,GOODYEAR,DURATRAC AT
,NEUMÁTICO 265/60R18 MARSHAL CRUGEN HP91,P14,,265/60R18,MARSHAL,CRUGEN HP91
,NEUMATICO 265/60R18 MICHELIN LTX FORCE,,A106,265/60R18,MICHELIN,LTX FORCE
,NEUMÁTICO 265/60R18 SUMAXX AT,,EST,265/60R18,SUMAXX,AT
,NEUMÁTICO 265/60R18 SUMAXX RT,,EST,265/60R18,SUMAXX,RT
,NEUMÁTICO 265/60R18 TOYO,P14,,265/60R18,TOYO,
,NEUMATICO 265/60R18 WINDFORCE AT2 114T,E112,,265/60R18,WINDFORCE,AT2 114T
,NEUMÁTICO 265/65R17 COMFORSER CF1100,,A103,265/65R17,COMFORSER,CF1100
,NEUMATICO 265/65R17 NEXEN AT PRO,,A101,265/65R17,NEXEN,AT PRO
,NEUMÁTICO 265/65R17 ROADX AT21 112H,F5,EST,265/65R17,ROADX,AT21 112H
,NEUMÁTICO 265/65R17 SUMAXX AT,C103,,265/65R17,SUMAXX,AT
,NEUMATICO 265/65R17 WINDFORCE AT2,B104,A105,265/65R17,WINDFORCE,AT2
,NEUMATICO 265/65R18 SUMAXX AT 114T,C112,,265/65R18,SUMAXX,AT 114T
,NEUMATICO 265/65R18 WINDFORCE AT2,H103,,265/65R18,WINDFORCE,AT2
,Neumático 265/70R16 10PR Xbri Brutus Ta,,,265/70R16,10PR,Xbri Brutus Ta
,NEUMÁTICO 265/70R16 BRIDGESTONE HT684,F4,,265/70R16,BRIDGESTONE,HT684
,NEUMATICO 265/70R16 FALKEN AT3W,,,265/70R16,FALKEN,AT3W
,NEUMÁTICO 265/70R16 ROADX AT21 112H,G110,,265/70R16,ROADX,AT21 112H
,NEUMÁTICO 265/70R16 SUMAXX AT,D112,,265/70R16,SUMAXX,AT
,NEUMATICO 265/70R16 WINDFORCE AT2 112T,C101,,265/70R16,WINDFORCE,AT2 112T
,NEUMATICO 265/70R17 BF GOODRICH MT,,,265/70R17,BF,GOODRICH MT
,NEUMÁTICO 265/70R17 COMFORSER CF1100,,,265/70R17,COMFORSER,CF1100
,NEUMATICO 265/70R17 ROADMARCH AT2,B105,,265/70R17,ROADMARCH,AT2
,NEUMATICO 265/70R17 ROADMARCH MT2 118Q,F5,,265/70R17,ROADMARCH,MT2 118Q
,NEUMÁTICO 265/70R17 ROADX AT21,,A105,265/70R17,ROADX,AT21
,NEUMÁTICO 265/70R17 SUMAXX AT,F4,CALE,265/70R17,SUMAXX,AT
,NEUMATICO 265/70R17 WINDFORCE AT2,C104,,265/70R17,WINDFORCE,AT2
,NEUMATICO 265/75R16 MIRAGE AT172 116S,H103,,265/75R16,MIRAGE,AT172 116S
,NEUMÁTICO 265/75R16 SUMAXX AT,B102,,265/75R16,SUMAXX,AT
,NEUMATICO 265/75R16 WINDFORCE AT2 116T,C102,,265/75R16,WINDFORCE,AT2 116T
,NEUMATICO 27/850R14 SUNSET AT 95Q,B208,,27/850R14,SUNSET,AT 95Q
,NEUMATICO 27/850R14 SUNSET MT,,CALE,27/850R14,SUNSET,MT
,NEUMATICO 275/35R18 SONIX LZEAL 56,G111,,275/35R18,SONIX,LZEAL 56
,NEUMÁTICO 275/40R20 ROADX U11 106Y,G109,,275/40R20,ROADX,U11 106Y
,NEUMÁTICO 275/45R20 DURABLE PREMIER,P14,,275/45R20,DURABLE,PREMIER
,NEUMÁTICO 275/45R20 FALKEN ZIEX 5TZ05,P14,,275/45R20,FALKEN,ZIEX 5TZ05
,NEUMÁTICO 275/45R20 GOALSTAR,P14,,275/45R20,GOALSTAR,
,NEUMÁTICO 275/45R20 XBRI SPORT LINE,P14,,275/45R20,XBRI,SPORT LINE
,NEUMATICO 275/45R21 SONIX UHP 08 110W,G108,,275/45R21,SONIX,UHP 08 110W
,NEUMÁTICO 275/55R20 ROADX AT21,,A104,275/55R20,ROADX,AT21
,NEUMATICO 275/55R20 ROADX HT02,,,275/55R20,ROADX,HT02
,NEUMÁTICO 275/55R20 SUMAXX AT,B108,,275/55R20,SUMAXX,AT
,NEUMÁTICO 275/60R20 COMFORSER CF1100,,EST,275/60R20,COMFORSER,CF1100
,NEUMÁTICO 275/60R20 GOODYEAR WRANGLER,,,275/60R20,GOODYEAR,WRANGLER
,NEUMATICO 275/60R20 ROADX HT02,,EST,275/60R20,ROADX,HT02
,NEUMÁTICO 275/65R18 PIRELLI AT PLUS,P14,,275/65R18,PIRELLI,AT PLUS
,NEUMÁTICO 275/65R18 SUMAXX AT,,,275/65R18,SUMAXX,AT
,NEUMÁTICO 275/70R17 SUMAXX AT,,EST,275/70R17,SUMAXX,AT
,NEUMÁTICO 275/70R18 GOODYEAR TERRITORY MT,P14,,275/70R18,GOODYEAR,TERRITORY MT
,NEUMÁTICO 285/35ZR18 FALKEN FK453,P14,,285/35ZR18,FALKEN,FK453
,NEUMÁTICO 285/65R18 SUMAXX AT,,EST,285/65R18,SUMAXX,AT
,NEUMÁTICO 285/70R17 SUMAXX AT,,,285/70R17,SUMAXX,AT
,NEUMÁTICO 285/75R16 SUMAXX AT,,,285/75R16,SUMAXX,AT
,NEUMATICO 295/40R20 MINNELL SAFY M06 110W,G108,,295/40R20,MINNELL,SAFY M06 110W
,NEUMATICO 295/40R22 SONIX LZEAL 56 110W,G108,,295/40R22,SONIX,LZEAL 56 110W
,NEUMATICO 295/50R15 SUMITOOMO HTR 2000,H203,C507,295/50R15,SUMITOOMO,HTR 2000
,NEUMATICO 305/40R20 SONIX LZEAL 56 112U,G108,,305/40R20,SONIX,LZEAL 56 112U
,NEUMATICO 305/70R17 LING LONG CROSSWIND MT,C106,EST,305/70R17,LING,LONG CROSSWIND MT
,NEUMATICO 31/10.50R15 SUMAXX AT 109S,B109,,31/10.50R15,SUMAXX,AT 109S
,NEUMATICO 31/1050R15 ROADMARCH PRIMEMAX AT2 109S,B111,,31/1050R15,ROADMARCH,PRIMEMAX AT2 109S
,NEUMÁTICO 315/35ZR20 ROADX U11,G108,,315/35ZR20,ROADX,U11
,NEUMATICO 315/70R17 SUMAXX AT,,,315/70R17,SUMAXX,AT
,Neumático 31x10.50R15 Nexen Roadian Mt,,,31x10.50R15,Nexen,Roadian Mt
,Neumático 31x1050R15 Xbri Forza Ht,,EST,31x1050R15,Xbri,Forza Ht
,NEUMATICO 500R12 DIAMAX AT,A209,E407,500R12,DIAMAX,AT
,NEUMATICO 500R12C LONGWAY ZT801,,,500R12C,LONGWAY,ZT801
,NEUMATICO 550R12 BCT AT 90P,H309,E401,550R12,BCT,AT 90P
,NEUMATICO 550R12C ROADMARCH PRIMEVAN 28,,A506,550R12C,ROADMARCH,PRIMEVAN 28
,NEUMATICO 550R13C LONGWAY ZT801 92P,H408,,550R13C,LONGWAY,ZT801 92P
,NEUMATICO 600R13C CHAOYANG CL-855 8PR 93/85L,B108,,600R13C,CHAOYANG,CL-855 8PR 93/85L
,NEUMÁTICO 650R16 LONGWAY DZT201 DIRECCIONAL,G112,,650R16,LONGWAY,DZT201 DIRECCIONAL
,Neumático 7.50R16C Durable Dr816,,EST,7.50R16C,Durable,Dr816
,NEUMÁTICO 700R16 LUISTONE DK208 110L,H102,,700R16,LUISTONE,DK208 110L
,NEUMATICO 750R16 BLACK ARROW CON CUBRE Y CAMARA,F14,,750R16,BLACK,ARROW CON CUBRE Y CAMARA
,Neumático 750R16 Durable Dr601,,EST,750R16,Durable,Dr601
,NEUMATICO 175R14C DOUBLE KING DK 868,,E402,175R14C,DOUBLE,KING DK 868
,NEUMATICO 165/60R14 ROADWING RW 581,,E206,165/60R14,ROADWING,RW 581
,NEUMATICO 205/45R17 WANLI SA302,,C203,205/45R17,WANLI,SA302
,NEUMATICO 225/65R17 SONIX HT79,,,225/65R17,SONIX,HT79
,NEUMATICO 225/70R15C MIRAGE,,,225/70R15C,MIRAGE,
,NEUMATICO 185/55R16 ZEXTOUR 83V,A105,E204,185/55R16,ZEXTOUR,83V
,NEUMÁTICO 245/70R16 SONIX AT1 107T,H102,,245/70R16,SONIX,AT1 107T
,NEUMATICO 185R14 ROADMARCH PRIMEVAN 36 100R,G101,EST,185R14,ROADMARCH,PRIMEVAN 36 100R
,NEUMATICO 205/65R16C APTANY RL 106 105T,D312,,205/65R16C,APTANY,RL 106 105T
,NEUMATICO 205/70R15 LINGLONG RADIAL 620 96H,C406,E402,205/70R15,LINGLONG,RADIAL 620 96H
,NEUMATICO 245/40R19 ROADMARCH UHP08 98W,G109,,245/40R19,ROADMARCH,UHP08 98W
,NEUMATICO 245/60R18 ROADMARCH HT 79 105H,C111,,245/60R18,ROADMARCH,HT 79 105H
,NEUMATICO 255/60R18 ROADMARCH HT 77 112H,C108,,255/60R18,ROADMARCH,HT 77 112H
,NEUMATICO 255/70R16 ROADMARCH AT2 111T,H104,,255/70R16,ROADMARCH,AT2 111T
,NEUMATICO 255/70R16 ROADMARCH HT 77 111H,C107,,255/70R16,ROADMARCH,HT 77 111H
,NEUMATICO 275/65R17 ROADMARCH AT2,C105,,275/65R17,ROADMARCH,AT2
,NEUMATICO 225/45R17 SONIX UHP 08,G206,B210,225/45R17,SONIX,UHP 08
,NEUMATICO 215/45R18 SONIX UHP 08 93W XL,H109,A206,215/45R18,SONIX,UHP 08 93W XL
,NEUMATICO 215/55R17 SONIX UHP08 98W,,,215/55R17,SONIX,UHP08 98W
,NEUMATICO 235/75R15 SONIX AT2 104/101S LT W,E105,,235/75R15,SONIX,AT2 104/101S LT W
,NEUMATICO 235/75R15 SONIX AT1 109S,D112,,235/75R15,SONIX,AT1 109S
,NEUMATICO 255/70R16 SONIX AT2 111T W,H103,,255/70R16,SONIX,AT2 111T W
,NEUMATICO 265/70R16 SONIX RT 116Q W,C108,,265/70R16,SONIX,RT 116Q W
,NEUMATICO 195/45R15 SONIX LZEAL 56 82V,A206,,195/45R15,SONIX,LZEAL 56 82V
,NEUMATICO 225/55R18 102V XL SONIX UHP08,h107,D207,225/55R18,102V,XL SONIX UHP08
,NEUMATICO 255/70R15 SONIX AT2 112/110S,E104,,255/70R15,SONIX,AT2 112/110S
,NEUMATICO 185/60R13 MIRAGE HT,,D507,185/60R13,MIRAGE,HT
,NEUMATICO 225/75R16 LING LONG,,EST,225/75R16,LING,LONG
,NEUMATICO 205/45R17 NEXEN NF SU1 88V,B214,,205/45R17,NEXEN,NF SU1 88V
,NEUMATICO 205/55R16 LINGLONG COMFORT MASTER 91V,B202,D301,205/55R16,LINGLONG,COMFORT MASTER 91V
,NEUMATICO 205/60R16 NEXEN NPRIZ GX 92V,B305,C210,205/60R16,NEXEN,NPRIZ GX 92V
,NEUMATICO 205/60R16 GOODRIDE SL369 AT 92H,E208,A301,205/60R16,GOODRIDE,SL369 AT 92H
,NEUMATICO 215/50R17 NEXEN NF PRIMUS QX 95V,H206,,215/50R17,NEXEN,NF PRIMUS QX 95V
,NEUMATICO 215/60R17 NEXEN ROADIAN GTX,D310,,215/60R17,NEXEN,ROADIAN GTX
,NEUMATICO 175/70R13 ROADWING RW581 82H,A112,G302,175/70R13,ROADWING,RW581 82H
,NEUMATICO 175/70R14 GOODRIDE RP 28,C312,C503,175/70R14,GOODRIDE,RP 28
,NEUMATICO 185/60R15 GOODRIDE RP 28 84H,C310,C306,185/60R15,GOODRIDE,RP 28 84H
,NEUMATICO 205/50R17 ROADX U11 RUNFLAT 93W,C210,,205/50R17,ROADX,U11 RUNFLAT 93W
,NEUMATICO 175/70R13 GOODRIDE G118 82T,B407,,175/70R13,GOODRIDE,G118 82T
,NEUMATICO 215/60R17C SONIX PRIMEVAN 9 107T,E206,C207,215/60R17C,SONIX,PRIMEVAN 9 107T
,NEUMATICO 265/65R17 PIRELLI ATR 112S,C110,EST,265/65R17,PIRELLI,ATR 112S
,NEUMATICO 225/55R19 NEXEN ROADIAN GTX 99W,B105,FRONTIS,225/55R19,NEXEN,ROADIAN GTX 99W
,NEUMATICO 225/55ZR17 NEXEN NF PRIMUS QX,H209,B206,225/55ZR17,NEXEN,NF PRIMUS QX
,NEUMATICO 225/65R17 NEXEN ROADIAN GTX,H308,FRONTIS,225/65R17,NEXEN,ROADIAN GTX
,NEUMATICO 185/70R14 GOODRIDE RP28,ALNEXEN,,185/70R14,GOODRIDE,RP28
,NEUMATICO 195/55R16 GOODRIDE RP28 87V,H209,,195/55R16,GOODRIDE,RP28 87V
,NEUMATICO 245/70R17 CHAOYANG AT,,E103,245/70R17,CHAOYANG,AT
,NEUMATICO 255/45R18 SONIX UHP 08,,B110,255/45R18,SONIX,UHP 08
,NEUMATICO 315/40R21 SONIX UHP 08,,,315/40R21,SONIX,UHP 08
,NEUMATICO 195/55R20 SONIX LZEAL 56,,,195/55R20,SONIX,LZEAL 56
,NEUMATICO 235/55R18 SONIX UHP 08 104V XL,B102,D107,235/55R18,SONIX,UHP 08 104V XL
,NEUMATICO 295/40R21 SONIX UHP 08,,,295/40R21,SONIX,UHP 08
,NEUMATICO 165/60R14 SONIX ECOPRO 99,,,165/60R14,SONIX,ECOPRO 99
,NEUMATICO 165/70R14 SONIX XCOMFORT S7 81T,A108,,165/70R14,SONIX,XCOMFORT S7 81T
,NEUMATICO 165R14C SONIX PRIMEVAN 28 90R,G203,,165R14C,SONIX,PRIMEVAN 28 90R
,NEUMATICO 205/50R16 SONIX ECOPRO99 91W,B201,,205/50R16,SONIX,ECOPRO99 91W
,NEUMATICO 195/50R16 SONIX ECOPRO 99,C211,,195/50R16,SONIX,ECOPRO 99
,NEUMATICO 205/45R17 SONIX UHP08,A203,,205/45R17,SONIX,UHP08
,NEUMATICO 215/45R17 SONIX UHP08 91W XL,A101,,215/45R17,SONIX,UHP08 91W XL
,NEUMATICO 215/65R16 COMFORSR CF1100,,,215/65R16,COMFORSR,CF1100
,NEUMATICO 205/70R15C ROADMARCH PRIMEVAN 9,D304,,205/70R15C,ROADMARCH,PRIMEVAN 9
,NEUMATICO 155/65R13 NEXEN NPRIZ GX 73T,C412,,155/65R13,NEXEN,NPRIZ GX 73T
,NEUMATICO 265/60R18 ROARMARCH HT77 114H XL,C103,,265/60R18,ROARMARCH,HT77 114H XL
,NEUMATICO 225/75R16 DOUBLE KING 107R,D106,,225/75R16,DOUBLE,KING 107R
,NEUMATICO 195/45R16 SONIX UHP 08,,,195/45R16,SONIX,UHP 08
,NEUMATICO 205/55R19 SONIX LZEAL 56,,,205/55R19,SONIX,LZEAL 56
,NEUMATICO 205/55R17 SONIX UHP 08,,,205/55R17,SONIX,UHP 08
,NEUMATICO 215/60R17 SONIX HT 79,,,215/60R17,SONIX,HT 79
,NEUMATICO 215/60R17 SONIX XCOMFORT S7 96H,G104,B202,215/60R17,SONIX,XCOMFORT S7 96H
,NEUMATICO 215/70R16C SONIX PRIMEVAN 9 108/106R,E209,C202,215/70R16C,SONIX,PRIMEVAN 9 108/106R
,NEUMATICO 225/40R18 SONIX LZEAL 56 92W,,,225/40R18,SONIX,LZEAL 56 92W
,NEUMATICO 225/45R17 SONIX LZEAL 56 94W XL,D305,,225/45R17,SONIX,LZEAL 56 94W XL
,NEUMATICO 235/60R17SONIX HT 79 106H XL,D311,,235/60R17SONIX,HT,79 106H XL
,NEUMATICO 235/65R17 104T SONIX AT1,,,235/65R17,104T,SONIX AT1
,NEUMATICO 235/70R16 SONIX RT 109Q W,,,235/70R16,SONIX,RT 109Q W
,NEUMATICO 245/75R15C SONIX AT2 109/107S LT,,,245/75R15C,SONIX,AT2 109/107S LT
,NEUMATICO 245/75R16 111T W SONIX AT2,H101,,245/75R16,111T,W SONIX AT2
,NEUMATICO 255/70R16 SONIX RT 111Q W,E102,,255/70R16,SONIX,RT 111Q W
,NEUMATICO 265/60R18 SONIX RT 114Q W,,,265/60R18,SONIX,RT 114Q W
,NEUMATICO 265/65R17 SONIX RT 116Q,,,265/65R17,SONIX,RT 116Q
,NEUMATICO 265/70R17 SONIX RT 115Q W,,,265/70R17,SONIX,RT 115Q W
,NEUMATICO 275/60R20 SONIX RT 116Q W,,,275/60R20,SONIX,RT 116Q W
,NEUMATICO 275/65R18 SONIX RT 116Q W,,,275/65R18,SONIX,RT 116Q W
,NEUMATICO 31/10.50R15 SONIX RT 109Q LT W,B104,,31/10.50R15,SONIX,RT 109Q LT W
,NEUMATICO 33/12.50R20 SONIX RT 114Q W,,,33/12.50R20,SONIX,RT 114Q W
,NNEUMATICO 33/12.50R22 SONIX RT 109Q W,,,,33/12.50R22,SONIX RT 109Q W
,NNEUMATICO 35/12.50R22 SONIX RT 117Q W,,,,35/12.50R22,SONIX RT 117Q W
,NEUMATICO 225/75R16 SONIX AT1 115/112Q LT,,,225/75R16,SONIX,AT1 115/112Q LT
,NEUMATICO 245/75R16 SONIX RT 120/116Q W LT,D101,,245/75R16,SONIX,RT 120/116Q W LT
,NEUMATICO 265/75R16 SONIX RT 119/116Q W LT,C106,,265/75R16,SONIX,RT 119/116Q W LT
,NEUMATICO 285/70R17 SONIX RT 116/113Q W LT,,,285/70R17,SONIX,RT 116/113Q W LT
,NEUMATICO 285/75R16 SONIX RT 116/113Q W LT,C109,,285/75R16,SONIX,RT 116/113Q W LT
,NEUMATICO 245/70R16 ZEXTUR,H102,,245/70R16,ZEXTUR,
,NEUMATICO 185/60R15 88H XL SONIX ECOPRO 99,A104,,185/60R15,88H,XL SONIX ECOPRO 99
,NEUMATICO 255/65R17 ROADX AT21 114T,G103,,255/65R17,ROADX,AT21 114T
,NEUMATICO 225/50R19 MICHELIN,G111,,225/50R19,MICHELIN,
,NEUMATICO 235/65R17 KUSTONE HT,G103,,235/65R17,KUSTONE,HT
,NEUMATICO 215/50R17 TRANSERENUS ECO TRANSMATE HT 95W,D301,,215/50R17,TRANSERENUS,ECO TRANSMATE HT 95W
,NEUMATICO 215/40R18 ROADMARCH UHP08 89W XL,C313,,215/40R18,ROADMARCH,UHP08 89W XL
,NEUMATICO 145/70R13 ROADX H11 71T,A212,,145/70R13,ROADX,H11 71T
,NEUMATICO 185/65R15 FIREMAX HT,,,185/65R15,FIREMAX,HT
,NEUMATICO 175/70R14 TRANSERENUS ECO TRANSMATE HT 84T,A208,G303,175/70R14,TRANSERENUS,ECO TRANSMATE HT 84T
,NEUMATICO 175/70R14 APTANY RL106Y 93T,H205,B301,175/70R14,APTANY,RL106Y 93T
,NEUMATICO 155R12 DUNLOP,,,155R12,DUNLOP,
,NEUMATICO 215/55R16 ROADMARCH UHP08,,,215/55R16,ROADMARCH,UHP08
,NEUMATICO 195/70R14 ROADX H11,,,195/70R14,ROADX,H11
,NEUMATICO 165/65R13 NEXEN NPRIZ GX 81T,B308,,165/65R13,NEXEN,NPRIZ GX 81T
,NEUMATICO 175/60R15 GOODRIDE RP28 81H,,,175/60R15,GOODRIDE,RP28 81H
,NEUMATICO 185/70R14 NEXEN NPRIZ GX 88T,B309,,185/70R14,NEXEN,NPRIZ GX 88T
,NEUMATICO 195R14C LING LONG R701 104N,G202,C407,195R14C,LING,LONG R701 104N
,NEUMATICO 195/50R16 SUMAXX MAX DRIFTING X 88V,C314,,195/50R16,SUMAXX,MAX DRIFTING X 88V
,NEUMATICO 225/45R18 ROADX U11 RUNFLAT,C214,,225/45R18,ROADX,U11 RUNFLAT
,NEUMÁTICO 315/35ZR20 SONIX LZEAL 56 110W,G109,,315/35ZR20,SONIX,LZEAL 56 110W
,NEUMATICO 185/70R14 SONIX ECOPRO 99 88T,ALNEXEN,,,,
,NEUMATICO 195/50R15 NEXEN NBLUE HD PLUS 82V,H301,,,,
,NEUMATICO 195/70R15C SONIX SUPERVAN S1 104/102R,G201,,,,
,NEUMATICO 165/50R15 SONIX PRIMESTAR P66 73V,C304,,,,
,NEUMATICO 215/60R16 SONIX ECOPRO 99 95V,G102,,,,
,NEUMATICO 215/65R16 SONIX ECOPRO 99 98H,G102,,,,
,NEUMATICO 185/60R14 SONIX ECOPRO 99 82H,A110,E211,,,
,NEUMATICO 215/65R16 SONIX XCOMFORT S7 98H,G206,,,,
,NEUMATICO 215/60R15 SONIX PRIMESTAR 66 94H,D204,,,,
,NEUMATICO 225/60R17 COMFORSER CF1100 103H,E103,,,,
,NEUMATICO 175R14 SONIX PRIMEVAN 28 99/97R,G502,,,,
,NEUMATICO 175/65R14 GOODRIDE RP28 82H,C201,F302,,,
,NEUMATICO 215/45R17 WANLI SPORT RACING 91 XL,C208,E211,,,
,NEUMATICO 205/75R16C KINGBOSS G326 108T,D103,,,,
,NEUMATICO 215/70R16 SUMAXX AT 100T,D102,,,,
,NEUMATICO 285/55R20 SUMAXX AT,,,,,
,NEUMATICO 215/60R17 NEXEN CP672,,D309,,,
,NEUMATICO 205/65R15 NEXEN CP672,,A401,,,
,NEUMATICO 195/60R15 NEXEN NPRIZ GX,,D304,,,
,NEUMATICO 185/65R15 NEXEN CP672,,B302,,,
,NEUMATICO 225/40R18 NEXEN CP672,,B208,,,
,NEUMATICO 145/70R12 SONIX ECOPRO 99,,D505,,,
,NEUMATICO 245/70R16 DUNLOP AT3,,EST,,,
,NEUMATICO 305/70R16 ROADMARCH MT,,EST,,,
,NEUMATICO 285/65R18 FALKEN AT3W,,EST,,,
,NEUMATICO 155/70R13 75T SONIX ECOPRO 99,,,,,
,NEUMATICO 175/65R15 84H SONIX ECOPRO 99,,,,,
,NEUMATICO 205/65R15 SONIX ECOPRO 99 94V,E204,,,,
,NEUMATICO 225/35R19 88W XL SONIX UHP 08,,,,,
,NEUMATICO 245/30ZR20 95W XL SONIX LZEAL 56,,,,,
,NEUMATICO 255/50R19 107V XL SONIX UHP 08,,,,,
,NEUMATICO 255/55R18 109V XL SONIX UHP 08,,,,,
,NEUMATICO 265/45R21 108W XL SONIX UHP 08,,,,,
,NEUMATICO 225/50ZRF17 98W XL SONIX LZEAL 56 RUNFLAT,,,,,
,NEUMATICO 215/55ZRF18 99W XL SONIX LZEAL 56 RUNFLAT,,,,,
,NEUMATICO 245/40ZRF19 98W XL SONIX LZEAL 56 RUNFLAT,,,,,
,NEUMATICO 235/45ZR18 98W XL SONIX UHP 08,,,,,
,NEUMATICO 195/75R16 SONIX SUPER VAN S1 107/105R,G207,,,,
,NEUMATICO 265/50R20 111V XL SONIX LZEAL 56,,,,,
,NEUMATICO 245/40RZR18 97W XL SONIX LZEAL 56 RUNFLAT,,,,,
,NEUMATICO 185/70R14 SONIX XCOMFORT S7 88T,,,,,
,NEUMATICO 195/70R14 SONIX XCOMFORT S7 91T,H305,,,,
,NEUMATICO 215/60R16C 103/101T SONIX PRIMEVAN 9,D206,,,,
,NEUMATICO 235/50ZR20 104W SONIX LZEAL 56,,,,,
,NEUMATICO 235/60R16 100H SONIX XCOMFORT S7,,,,,
,NEUMATICO 245/35ZR21 96W XL SONIX LZEAL 56,,,,,
,NEUMATICO 245/65R17 107S SONIX AT1,,,,,
,NEUMATICO 185/55R15 82V SONIX ECOPRO 99,H208,,,,
,NEUMATICO 185/55R16 87V XL SONIX ECOPRO 99,,,,,
,NEUMATICO 205/40R17 84W XL SONIX UHP 08,G207,G201,,,
,NEUMATICO 175/70R14C SONIX PRIMEVAN 28 95/93S,,,,,
,NEUMATICO 265/60R18 SONIX AT2 110T,,,,,
,NEUMATICO 175/70R14 SONIX XCOMFORT S7 84T,,,,,
,NEUMATICO 185/55R15 82V SONIX XCOMFORT S7,,,,,
,NEUMATICO 185/55R16 83V SONIX XCOMFORT S7,,,,,
,NEUMATICO 185/60R14 SONIX XCOMFORT S7 82H,,,,,
,NEUMATICO 195/50R16 84V SONIX XCOMFORT S7,,,,,
,NEUMATICO 195/55R16 87V SONIX XCOMFORT S7,B205,,,,
,NEUMATICO 205/55R16 91V SONIX XCOMFORT S7,A111,,,,
,NEUMATICO 195/65R15 FALKEN ZE914,,A403,,,
,NEUMATICO 225/45R17 94W FALKEN ZE310R,C205,A208,,,
,NEUMATICO 215/55R16 NEXEN BLUE HD PLUS,,A302,,,
,NEUMATICO 205/60R16 MICHELIN ENERGY SAVER,,,,,
,NEUMATICO 205/60R16 NEXEN NFERA PRIMUS QX,C206,,,,
,NEUMATICO 205/55R15 GREENLANDER COLO H01,H402,,,,
,NEUMATICO 205/50R15 GREENLANDER COLO H01,H508,,,,
,NEUMATICO 245/70R16 WINDFORCE AT2,B106,,,,
,NEUMATICO 225/75R16 WINDFORCE AT2,D110,,,,
,NEUMATICO 205/65R16 BRIDGESTONE TURANZA T005A,H207,,,,
,NEUMATICO 145R13C GOODRIDE CR868,G301,,,,
,NEUMATICO 195/50R16 NEXEN NPRIZ GX,H307,,,,
,NEUMATICO 195/65R15 COMFORSER CF510,C306,,,,
,NEUMATICO 225/65R17 APTANY RU006 AT,,,,,
,NEUMATICO 195/60R16C ROADMARCH PRIMEVAN 9,C312,,,,
,NEUMATICO 235/40R18 WINDFORCE UHP,F2,,,,
,NEUMATICO 215/50R17 ROADMARCH UHP08,D302,,,,
,NEUMATICO 225/65R17 WANLI AT,D106,,,,
,NEUMATICO 165/65R14 ROCKET RR01,,CALE,,,
,NEUMATICO 205/40R17 DUNLOP DIREZZA,,F201,,,
,NEUMATICO 205/70R15 SUMITOMO,,E402,,,
,NEUMATICO 205/65R15 SUMITOMO,,E402,,,
,NEUMATICO 235/65R16C HANKOOK,,BALAN,,,
,NEUMATICO 500R12 SONIX PRIMEVAN 28,C415,,,,
,NEUMATICO 225/65R17 SONIX XCOMFORT S7,C416,,,,
,NEUMATICO 195/60R15 SONIX ECOPRO 99,C201,,,,
,NEUMATICO 205/45R16 SONIX UHP08 87W XL,C202,,,,
,NEUMATICO 155R13C SONIX SUPERVAN S1,A106,,,,